COUNTY,2010,2011,2012,2013,2014,2015,2016,2017,2018,2019,2020,2021,2022,2023,2024,2025
ANDERSON,45655.0,0.0,33600.0,102087.0,12086170.0,851149.0,141200.0,182837.0,1500.0,0.0,1500.0,0.0,0.0,0.0,0.0,0.0
ANDREWS,271081464.8,449975213.27,628661510.014331,824559543.6692127,988185861.7286105,968338636.2592412,809485148.7396321,1290238503.5989337,1331043907.0861716,1680540480.069951,2169029157.5668545,2565569288.8,2599343708.77,3033142524.4088836,3655017025.551359,1183500835.9143064
ANGELINA,8223452.0,1178040.0,9810000.0,5525863.0,0.0,11220451.0,468614.0,22135348.0,212294890.0,154868977.64394045,23075311.0,68891234.0,264943721.0,359784279.0,518149282.455918,280906552.0
ARANSAS,276000.0,0.0,0.0,268086.0,896089.0,1187093.0,351986.0,145000.0,0.0,0.0,0.0,0.0,0.0,0.0,0.0,0.0
ARCHER,301636.0,3582842.0,2561319.098019554,2601741.11,995003.0,402274.0,41618.0,181264.0,488343.08999999997,286824.0,59076.630000000005,193909.0,570050.0,571713.0,637313.0,660866.0
ARMSTRONG,0.0,0.0,1250.0,0.0,0.0,0.0,0.0,0.0,0.0,0.0,0.0,0.0,0.0,0.0,0.0,0.0
ATASCOSA,110853118.51019827,485852707.91,863929386.6608782,1027621268.494649,2085478178.317657,1360237399.48,827808447.9,865071962.0256644,1350037104.6703455,1470334010.0031652,1141535978.2237124,601842529.5239652,1121522890.42,2749332765.0,2925698106.3729687,1289103015.59
AUSTIN,15000.0,0.0,2489727.0,770.0,31668.0,101802.0,50000.0,18018.0,0.0,30872590.42798,15046676.0,0.0,20913130.0,91182262.0,46035150.0,0.0
BAILEY,0.0,0.0,0.0,0.0,0.0,0.0,0.0,0.0,0.0,0.0,0.0,0.0,0.0,0.0,0.0,0.0
BANDERA,0.0,12000.0,0.0,0.0,0.0,0.0,0.0,0.0,0.0,0.0,0.0,0.0,0.0,0.0,0.0,0.0
BASTROP,93110.0,191524.0,278174.0,637582.0,18020823.0,0.0,0.0,0.0,0.0,0.0,0.0,0.0,0.0,0.0,0.0,0.0
BAYLOR,0.0,16240.0,835128.0,349417.0,1542370.6,1650724.0,5000.0,500.0,0.0,4000.0,0.0,1250.0,12723.0,0.0,79901.0,54300.0
BEE,9444632.0,20820801.0,69048759.42,9290621.0,38136004.0,8289482.0,51412.0,0.0,0.0,10975094.058353892,2000.0,0.0,49568041.0,14134770.0,199566091.69888476,44273123.0
BELL,0.0,0.0,0.0,0.0,0.0,0.0,0.0,0.0,0.0,0.0,0.0,0.0,0.0,0.0,0.0,0.0
BEXAR,23100.0,0.0,110000.0,841320.0,212320.0,287110.0,149000.0,186983.0,100000.0,0.0,0.0,0.0,580564.0,0.0,0.0,0.0
BLANCO,0.0,0.0,0.0,0.0,0.0,0.0,0.0,0.0,0.0,0.0,0.0,0.0,0.0,0.0,0.0,0.0
BORDEN,5225957.0,5582059.0,21607375.0,45086464.0,64096113.73911701,2649660.0,33271207.0,227568521.0,608992517.8079015,578372538.1751255,126676332.0,287054809.63,468371501.8812057,1037712564.44057,1180331202.0271156,351478647.93591875
BOSQUE,0.0,0.0,0.0,1671048.0,0.0,0.0,0.0,0.0,0.0,0.0,0.0,0.0,0.0,0.0,0.0,0.0
BOWIE,2792502.973475715,0.0,0.0,0.0,0.0,0.0,10000.0,0.0,0.0,0.0,0.0,0.0,0.0,0.0,8526.0,0.0
BRAZORIA,1328102.0,363373.0,707568.0,1090088.0,0.0,12108.0,0.0,0.0,220864.0,0.0,0.0,3500.0,500.0,0.0,0.0,0.0
BRAZOS,52402953.40764656,33428692.372520205,83471332.85726577,506082729.03598064,733400208.9189911,686775408.3548248,155753210.0,187476927.54305372,640487697.7259414,818314406.0,390605610.0,86359403.0,302900098.0,171212036.0,84185562.0,0.0
BREWSTER,0.0,0.0,0.0,0.0,0.0,0.0,0.0,0.0,622272.0,0.0,0.0,0.0,0.0,0.0,0.0,0.0
BRISCOE,0.0,0.0,0.0,0.0,0.0,0.0,0.0,0.0,0.0,0.0,0.0,0.0,0.0,0.0,0.0,0.0
BROOKS,5757894.0,5568688.0,3945021.0,6271754.0,5547393.0,1666544.0,2991644.0,4326627.0,1890023.0,3092327.0,0.0,344813.0,677684.0,0.0,0.0,0.0
BROWN,27750.0,83722.0,32892.0,12370.0,21950.0,83463.0,0.0,2000.0,0.0,500.0,0.0,200.0,0.0,0.0,0.0,0.0
BURLESON,39030493.44760213,25985173.822131842,15952076.422116758,115488178.57650156,713255128.8085896,963975517.0621334,456192514.3938706,1583156411.5098305,1922730492.5395749,1600346052.3774214,632632172.6894646,144598200.0,289275586.0,203489200.0,341469647.4766267,64937948.07
BURNET,0.0,0.0,0.0,0.0,0.0,0.0,0.0,0.0,0.0,0.0,0.0,0.0,0.0,0.0,0.0,0.0
CALDWELL,8792591.019428179,19536945.909810893,46528193.30969507,17419772.345549773,27542616.442461252,765200.3072100313,6930355.254876906,13613679.20528714,19578790.07127556,8562709.863832533,9161826.120909773,0.0,0.0,0.0,0.0,0.0
CALHOUN,0.0,0.0,0.0,79000.0,0.0,508762.0,785020.0,377454.0,20816.0,25116.0,0.0,0.0,0.0,0.0,0.0,0.0
CALLAHAN,68794.0,31100.0,8159.0,156210.0,8650.0,363934.0,2950.0,15648.0,69354.0,30342.0,1000.0,33260.0,82900.0,0.0,5250.0,0.0
CAMERON,0.0,0.0,0.0,0.0,0.0,0.0,0.0,0.0,0.0,0.0,0.0,0.0,0.0,0.0,0.0,0.0
CAMP,7712.0,0.0,6520.0,750.0,5000.0,0.0,0.0,0.0,0.0,0.0,0.0,0.0,0.0,0.0,250000.0,0.0
CARSON,302330.0,22909649.697591726,4182842.6194943967,8795953.91025986,20224416.86754345,983000.0,0.0,569226.0,119420.0,809434.0,0.0,0.0,0.0,0.0,0.0,0.0
CASS,8500.0,320800.0,1533221.0,3998018.0,6438072.0,516399.0,11407895.0,137273.0,2479710.0,2239734.0,1462988.29,5144190.24,39739143.18,308010145.0,901586865.9579532,19937500.0
CASTRO,0.0,0.0,0.0,0.0,0.0,0.0,0.0,0.0,0.0,0.0,0.0,0.0,0.0,0.0,0.0,0.0
CHAMBERS,2125.0,5500.0,30000.0,7820.0,577981.0,706600.0,757783.0,0.0,0.0,0.0,9870.0,5460.0,0.0,0.0,0.0,0.0
CHEROKEE,11299898.0,3253122.0,5729085.0,14491331.0,55497267.0,14533063.0,54782855.0,60794486.0,57295764.0,18780582.86992003,8330548.0,8982220.0,31373285.29,25588374.0,44616054.0,0.0
CHILDRESS,0.0,0.0,0.0,0.0,0.0,0.0,0.0,2500.0,0.0,0.0,0.0,0.0,0.0,0.0,0.0,0.0
CLAY,373102.0,56646.0,25924345.0,2510331.0,27139917.0,8185711.975084938,5499771.0,13658.0,139453.0,217096.0,8675848.576762151,121002.0,109881.0,152076.0,77740.8,30717610.0
COCHRAN,951004.0,4880624.017097178,2924154.0,1507186.0,19622813.60174918,14832546.239664469,122578.0,63508185.64792507,22570508.00555449,49726329.7144048,105576.42,22775904.0,63177770.0,0.0,60602560.700401984,0.0
COKE,1241588.0,820918.0,977290.0,24027578.0,1366100.3,50282.0,13460.0,8850.0,3500.0,9500.0,1500.0,750.0,28741.0,0.0,20381226.0,0.0
COLEMAN,76150.0,128081.0,146289.0,220215.0,67896.0,61090.0,14384.0,27800.0,57600.0,19710.0,17850.0,13658.0,3058610.611248832,10268.0,45492.0,0.0
COLLIN,0.0,0.0,0.0,0.0,0.0,0.0,0.0,0.0,0.0,0.0,0.0,0.0,0.0,0.0,0.0,0.0
COLLINGSWORTH,0.0,0.0,225632.0,96000.0,0.0,0.0,0.0,0.0,0.0,0.0,0.0,0.0,0.0,0.0,0.0,0.0
COLORADO,329550.0,398316.0,15750.0,603070.0,570564.0,216316.0,69128.0,4381462.0,16016192.0,1725.0,0.0,23668.0,0.0,17158470.0,0.0,0.0
COMAL,0.0,0.0,0.0,0.0,0.0,0.0,0.0,0.0,0.0,0.0,0.0,0.0,0.0,0.0,0.0,0.0
COMANCHE,2750.0,6250.0,3500.0,0.0,5750.0,7500.0,3500.0,2000.0,1250.0,1500.0,0.0,1000.0,0.0,17722.0,0.0,0.0
CONCHO,5000.0,12350.0,80068.0,22040.0,89006.0,16540.0,123902.0,90730.0,87634.0,41209.0,0.0,0.0,0.0,12534.0,0.0,22886.0
COOKE,226255482.0,566276736.0,263553313.09,293791902.55,68408661.0,26792517.0,1950.0,5594.0,56991.0,19564184.0,56080.0,33893.0,1393949.0,321108.0,26689.0,10696.0
CORYELL,0.0,0.0,0.0,0.0,0.0,0.0,0.0,0.0,0.0,0.0,0.0,0.0,0.0,0.0,0.0,0.0
COTTLE,1274421.0,2000.0,722494.0,619908.0,2081100.0,842514.0,887529.0,0.0,1250.0,0.0,0.0,546.0,0.0,0.0,0.0,0.0
CRANE,21584933.78973306,54299606.42,179143918.46755907,199820560.10725686,103221150.16882184,54954632.23532079,6084788.0,14493830.0,12473356.0,34999884.0,45813432.0,176891025.1,341690285.6,310001507.64,476768682.74214286,416850282.32
CROCKETT,31181876.8,314577672.4399415,1393673673.0748634,2327605707.990775,2579587702.721164,1680040956.574044,805897550.6243013,1277005030.0,434425171.8281698,45815.22973051542,9535461.0,24542536.0,223839264.6913926,350407003.0,451572488.65314907,217896901.79511428
CROSBY,345896.0,2208546.0,2952839.0,3735303.0,4926241.41,2633551.0,3107854.0,1691649.0,358932.0,278625.0,0.0,0.0,71620.0,0.0,129879.0,0.0
CULBERSON,8803197.0,68840874.17714512,104657795.12993,193924351.13022548,486070436.6513111,894677318.1212326,686414036.1067289,1384143461.5052936,2354314326.025952,3064158070.695156,2298200560.57827,1783483804.0,2054163469.58,2834533417.04,3472444267.7224073,1502816813.021402
DALLAM,0.0,0.0,0.0,0.0,0.0,184590.0,0.0,0.0,0.0,0.0,1000.0,0.0,0.0,0.0,0.0,0.0
DALLAS,71100261.8,38786423.0,12431747.2,12178695.0,32713190.0,0.0,0.0,10976474.0,39700935.0,0.0,3076542.0,0.0,98980915.0,0.0,0.0,116882353.0
DAWSON,10281820.6,35060883.5,51586560.0,65246882.0,118594960.0,111166490.0,27601642.0,100986909.0,1398341.0,84308990.0,57784242.0,124436585.9007962,356307109.0,322618895.4,1835423625.1210418,386241742.0
DE WITT,116555404.001359,702300122.3986583,1316869713.3864028,1384562971.1730037,2638485785.2508307,2742933983.614667,1114594831.2885795,1637009609.2331553,2185041507.1925044,2556787158.64462,1400095405.385031,1766700981.156934,2119935947.42,1465187623.9206777,3193544895.57834,1601504202.8488371
DEAF SMITH,0.0,0.0,0.0,0.0,0.0,0.0,0.0,0.0,0.0,0.0,0.0,0.0,0.0,0.0,0.0,0.0
DELTA,0.0,0.0,0.0,0.0,0.0,0.0,0.0,0.0,0.0,0.0,0.0,0.0,0.0,0.0,0.0,0.0
DENTON,756630713.8,1449080122.0950634,508688729.0,420630162.0,606620273.0,235535825.0,103645247.0,68909724.0,112715022.0,83130196.0,42082853.0,67958248.0,406226317.0,162106335.0,118727220.0,171007672.0
DICKENS,4500.0,4250.0,9600.0,15127.0,9918.0,900.0,2350.0,800.0,3250.0,0.0,300.0,1644.0,0.0,0.0,0.0,0.0
DIMMIT,456122900.4456731,1342111798.370126,2428849331.328007,4298444010.672533,3923272895.524564,3819336482.495335,2126049952.0952716,2656955227.6561193,4586582291.0,2647146051.289323,736052566.4429897,1244190248.0,1711428863.79,2823719294.891721,2443554737.4991717,829761079.0
DONLEY,0.0,0.0,1350.0,0.0,0.0,0.0,0.0,0.0,0.0,0.0,0.0,0.0,0.0,0.0,0.0,0.0
DUVAL,9905746.0,162818.0,298362.0,135809.0,353100.0,351819.0,34440.0,0.0,125329.0,401300.0,0.0,0.0,433420.0,56640.0,0.0,0.0
EASTLAND,20700.0,22880.0,60626.0,12420.0,69818.0,531135.0,9500.0,108000.0,17500.0,2500.0,1000.0,0.0,5000.0,0.0,0.0,0.0
ECTOR,230592557.3,266781279.53,476498613.04252976,548583303.1283398,571574078.168116,192918866.81663364,110908947.0,206832383.0,269361352.0,526017099.1948625,497769396.10544574,341589609.0,792289840.24,588791189.0,1300025301.4094858,207409681.34843305
EDWARDS,3486414.0,582985.0,557600.0,319952.0,700.0,1000.0,0.0,3678.0,0.0,0.0,0.0,2000.0,1079.0,0.0,0.0,0.0
EL PASO,0.0,0.0,0.0,0.0,0.0,0.0,0.0,0.0,0.0,0.0,0.0,0.0,0.0,0.0,0.0,0.0
ELLIS,74158026.4,20573490.0,28421568.0,8776026.0,0.0,0.0,0.0,0.0,0.0,0.0,0.0,0.0,0.0,0.0,0.0,0.0
ERATH,7109381.0,4401850.0,15639322.0,1200.0,0.0,7982464.0,0.0,40320.0,0.0,0.0,0.0,0.0,0.0,0.0,0.0,0.0
FALLS,1600.0,2700.0,10950.0,2700.0,6500.0,3800.0,1000.0,0.0,0.0,0.0,0.0,0.0,0.0,0.0,0.0,0.0
FANNIN,0.0,0.0,364980.0,0.0,0.0,5250.0,0.0,0.0,0.0,0.0,0.0,0.0,0.0,0.0,0.0,0.0
FAYETTE,1899248.6031013927,24809156.45566021,75317780.55436352,176241323.71505007,209165373.4858757,131319304.06024808,42823273.91527708,101264133.0,133907086.75374946,422915750.1000644,258094684.94842038,164141236.34,304003728.33,428961187.0,476504882.80824214,61783554.0
FISHER,3366758.897692043,773766.0,15016598.50967742,32370659.656719692,10075533.936719758,1004453.0,97006.0,107449.0,7519898.0,42632810.846811816,72704719.0,179101336.79410186,371056959.81784797,117390859.44,25869816.0,0.0
FLOYD,21000.0,0.0,210000.0,0.0,0.0,700000.0,0.0,0.0,0.0,0.0,0.0,0.0,0.0,0.0,0.0,0.0
FOARD,1400.0,0.0,5950.0,9540.0,100.0,13000.0,250.0,4000.0,9400.0,0.0,1000.0,64219.0,15500.0,0.0,0.0,0.0
FORT BEND,3700.0,148742.0,1200269.0,1461197.4,49778.0,1416900.0,0.0,30522.0,0.0,2600.0,4000.0,1500.0,0.0,0.0,0.0,0.0
FRANKLIN,0.0,25550.0,22584.0,3494001.2704844065,11834.0,302830.0,210.0,0.0,88718.23999999999,0.0,0.0,0.0,0.0,0.0,0.0,0.0
FREESTONE,99450089.74,73715212.0,70713529.0,28721946.0,48233948.39,9013771.0,8136884.0,3716906.0,13983791.0,16905415.0,0.0,1248503.0,778897.0,0.0,0.0,104750674.31
FRIO,42655135.9005168,202586590.91365802,379930218.94831014,341231161.71183014,653481470.9555104,426243813.62198895,324024298.24099696,702313336.0,415951619.8496158,986232414.3533754,1119033231.44,391764787.0,1548457172.22,328396388.0,246903399.3865046,131835382.0
GAINES,15114251.4,44832399.31,40357870.43,43541623.0,42944944.68279391,38228333.42,33882069.755099855,177368252.32755798,109251901.10710284,32494914.130391173,98287465.4578037,3859782.0,93499981.15600798,16349110.0,7807354.0,62244.0
GALVESTON,0.0,0.0,0.0,6600.0,0.0,0.0,0.0,0.0,0.0,0.0,0.0,0.0,0.0,0.0,0.0,0.0
GARZA,1308562.0,436350.0,2288278.0,6345542.0,5284051.0,342894.0,897415.0,212422.0,3790010.11790393,512699.0,162586.0,17750.0,75442.0,1713686.0,0.0,0.0
GILLESPIE,0.0,0.0,0.0,0.0,0.0,0.0,0.0,0.0,0.0,0.0,0.0,0.0,0.0,0.0,0.0,0.0
GLASSCOCK,148876785.8,638071870.55,983201246.2692978,1307875613.3573058,1869196206.5015087,1676830724.3607323,1127965333.866716,2858078025.232701,4721372260.311201,4265722457.0572915,3142261238.0896773,2320463754.11,3357991086.64,4630860447.886436,4960721707.170488,1376878392.8506591
GOLIAD,1697938.0,84112.0,589762.0,0.0,441178.0,0.0,310086.0,975541.0,2676010.0,0.0,0.0,0.0,2484713.0,0.0,0.0,0.0
GONZALES,95385850.66517903,621864898.282927,1047520646.8743898,2080576161.9043021,1784820875.8255262,1373243257.964475,1108584926.4866393,1090767430.7301807,2159379766.9039464,2259511122.893601,2348259234.742187,2346644892.95,2118098185.53,2376385845.0780287,1658306209.691737,969064493.61
GRAY,0.0,79056.0,2460992.0,1281623.0,206328.0,500.0,5276.0,4500.0,17953.0,0.0,8000.0,0.0,1.25,0.0,0.0,0.0
GRAYSON,4832796.0,7983316.0,46147407.14065934,31142919.0,115381103.53999999,61701575.0,0.0,1254366.0,5311308.0,6529348.0,487541.0,252300.0,1829698.21,494823.0,222981.0,137927.0
GREGG,24808423.0,12163257.4,21952511.0,9127249.0,726980.0,309500.0,16622582.0,28404198.0,160688298.0,158054.0,162869.0,98652.0,15646570.0,35958074.0,0.0,20006898.0
GRIMES,890778.6885245901,5349803.988179218,41333773.06695464,42379307.0,108625482.42451155,6868634.989369977,16058000.0,13902953.753042232,16877210.455111977,27994848.28,0.0,0.0,0.0,0.0,0.0,0.0
GUADALUPE,5513089.262142612,5436839.283012768,10289790.340370081,5709753.551125065,3972826.4724377645,1460805.4912970243,2143202.1509707784,3289950.6180086755,4980164.957156767,3708820.924194488,0.0,500.0,0.0,0.0,0.0,0.0
HALE,63502.0,0.0,0.0,390778.0,307273.0,0.0,7000.0,0.0,17760.0,47800.0,0.0,0.0,0.0,0.0,0.0,0.0
HALL,0.0,0.0,0.0,0.0,0.0,0.0,0.0,0.0,0.0,0.0,0.0,0.0,0.0,0.0,0.0,0.0
HAMILTON,0.0,0.0,0.0,0.0,0.0,0.0,0.0,0.0,0.0,0.0,0.0,0.0,0.0,0.0,0.0,0.0
HANSFORD,3540804.07288,2105808.0,8200759.0,4765423.0,14807918.0,2895195.0,3195797.0,17567641.0,30230671.0,5454057.0,0.0,0.0,0.0,26276.0,0.0,0.0
HARDEMAN,363589.0,2995122.0,7074334.0,6878972.0,4935824.778350515,167669.0,420108.0,3033583.0,12090279.523049038,8015698.091089355,95926.0,7689111.065404975,171811.0,82593.0,0.0,0.0
HARDIN,711850.0,338763.0,655551.0,517722.0,91303.0,4437650.448062887,159067.0,2898250.0,68696.0,4301840.0,5410299.0,0.0,0.0,632290.0,0.0,0.0
HARRIS,492786.0,39900.0,210.0,148000.0,59269.0,105628.0,53214.0,0.0,715.0,0.0,113772.27,0.0,55308.0,0.0,128512.0,0.0
HARRISON,438810612.0244196,291469800.9715303,255196341.0,231043017.0,295940127.994817,90020398.0,83486517.0,156411707.0,336018939.7356143,1019893466.29,2275473465.845212,1760698325.97,2638571252.12,3016199623.31,2767972124.245385,1436732383.426822
HARTLEY,159050.0,71450.0,668308.0,4109819.0,27798240.0,702555.0,9500.0,2750.0,15508978.0,76590.0,22760.0,13500.0,219921.0,0.0,116815.0,68800.0
HASKELL,68075.0,65924.0,262230.0,1345465.0,425829.0,196339.0,12050.0,23029.0,18399.0,67256.0,3000.0,9850.0,10566296.0,0.0,36881.0,120678.0
HAYS,0.0,0.0,0.0,0.0,0.0,0.0,0.0,0.0,0.0,0.0,0.0,0.0,0.0,0.0,0.0,0.0
HEMPHILL,247402672.2,558995570.04,502172619.36214495,463284450.45579416,407872856.7,397422096.5307751,126067775.5518868,194887022.0,334665540.0,151634761.0,0.0,44100.0,22583458.0,45846745.84974508,11491536.0,22077818.0
HENDERSON,2588034.0,2935890.0,146500.0,437163.0,529207.000734484,753528.0,14995515.0,915572.0,0.0,2772.0,0.0,0.0,429366.0,220584.0,0.0,0.0
HIDALGO,31511790.35589,10547163.0,14201329.0,16601197.0,18990552.0,2836732.0,1773643.0,6692904.0,8895904.0,6276599.0,827200.0,215811.0,1718676.0,0.0,0.0,0.0
HILL,109246986.4,35220139.8,0.0,0.0,0.0,0.0,0.0,0.0,0.0,0.0,0.0,0.0,0.0,0.0,0.0,0.0
HOCKLEY,1397361.8,1525438.0,949487.4,10025740.0,22403428.0,14016539.0,628390.5057283143,625580.0,1517186.2240396985,2875545.1564977104,39010.0,3997903.9252049434,10638780.344631903,8464807.765233349,5576896.0,5816018.0
HOOD,163196638.0,255777106.54,222186806.0,166997210.0,48673173.0,0.0,15218512.0,0.0,0.0,0.0,0.0,0.0,0.0,0.0,0.0,0.0
HOPKINS,0.0,0.0,750.0,2653457.338534104,88691.0,531013.0,0.0,0.0,0.0,0.0,0.0,0.0,321846.0,0.0,0.0,12059026.0
HOUSTON,15687734.0,64488729.0,50756216.0,51559141.82,100544728.03941835,136125115.45331538,7285615.0,769689.0,10477271.0,9000.0,0.0,0.0,2000.0,0.0,0.0,0.0
HOWARD,54267587.0,155829130.98,316099173.53,487265816.37,753099987.72,944423733.4293256,1375105161.44433,4516277579.449613,6110930366.006883,8192141025.460554,8050829942.540713,8832089795.935917,12794733082.327234,11336223623.344288,7205598169.257363,1987416923.3511658
HUDSPETH,0.0,0.0,0.0,0.0,0.0,0.0,273487.0,0.0,0.0,2778315.0,13222.0,0.0,0.0,0.0,0.0,0.0
HUNT,0.0,0.0,0.0,0.0,0.0,0.0,0.0,0.0,0.0,0.0,0.0,0.0,0.0,0.0,0.0,0.0
HUTCHINSON,2618082.0,1527114.0,489293.0,6175850.0,1229663.0,751488.0,6086270.0,21773923.0,7086748.0,141900.0,0.0,867660.0,507237.0,0.0,37002.0,0.0
IRION,26602846.0,328026602.2,1120371212.9925325,1873983273.6903584,2104262336.2790284,1200279405.4009466,468572619.8434815,872451750.0,1260906144.0,2118038846.5551414,797088244.8449179,640980081.0,1109017946.81,964227693.6436981,1030170844.0,742091654.73
JACK,11155000.0,11948851.126,71398941.33886,77182666.34,175675773.53,67447997.03,17700947.0,4371255.0,31854685.93,3153414.0,2996873.0,810449.8,858577.53,1127052.0,492859.0,23184.0
JACKSON,0.0,303260.0,1484412.0,876620.5155306057,90408.0,10501.0,0.0,4100.0,7805062.284518014,0.0,6700.0,0.0,0.0,0.0,0.0,0.0
JASPER,4476423.329312638,6795613.876515273,41624996.065155074,417592.0,3739637.0,9369706.0,0.0,253974.0,571564.0,299712.0,1361958.0,0.0,29157744.0,20701568.0,21085221.0,0.0
JEFF DAVIS,0.0,0.0,0.0,0.0,1262205.0,0.0,0.0,745668.0,8311254.0,17742496.0,0.0,0.0,0.0,0.0,0.0,0.0
JEFFERSON,1349182.0,1160636.0,950468.1159760229,201589.0,156660.0,0.0,94479.0,44856.0,0.0,0.0,3000.0,0.0,0.0,0.0,0.0,0.0
JIM HOGG,400000.0,0.0,254121.0,1418265.0,761916.0,3027967.0,1384038.0,573798.0,402700.0,0.0,0.0,260403.0,195081.0,0.0,113000.0,0.0
JIM WELLS,13375.0,15090.0,1825.0,8193.0,19740.0,0.0,423263.9879894168,0.0,4100.0,0.0,0.0,0.0,0.0,0.0,0.0,0.0
JOHNSON,1957852179.0275545,1883610510.8746297,878179641.0,192601384.0,54989913.0,7865019.0,0.0,27073760.0,14669681.0,788802.0,3607353.0,0.0,0.0,0.0,0.0,0.0
JONES,402128.0,224765.0,82499.0,74944.0,141909.0,2782140.0,3550.0,49100.0,32792.0,16770.0,61818.0,172072.0,132860.0,18607387.0,135580.0,71244.0
KARNES,303008266.98526233,1606604427.2345486,3173878314.8686414,2942647314.6772656,4099137907.555714,3306616067.3310227,2363747786.824468,4318037837.369155,5233993954.559757,5652798354.143207,3987925025.6548657,5237157197.906752,5018980175.31,4913686051.0,5286800937.771077,2660658037.7058473
KAUFMAN,0.0,0.0,0.0,3500.0,0.0,250.0,0.0,0.0,0.0,0.0,0.0,0.0,0.0,0.0,0.0,0.0
KENDALL,0.0,0.0,0.0,0.0,0.0,0.0,0.0,0.0,0.0,0.0,0.0,0.0,0.0,0.0,0.0,0.0
KENEDY,5641726.0,3487764.0,271194.0,790315.0,637510.0,502560.0,0.0,4317715.0,6623993.0,5973774.0,4102280.0,1060304.0,333776.0,0.0,0.0,0.0
KENT,177518.8,70930.6,150884.0,2620701.0,631250.0,39546.0,63980.0,5884374.5,196450.0,550918.0,733064.0,1500.0,157372.36,0.0,0.0,0.0
KERR,0.0,0.0,0.0,0.0,0.0,0.0,0.0,0.0,0.0,0.0,0.0,0.0,0.0,0.0,0.0,0.0
KIMBLE,5900.0,0.0,0.0,0.0,0.0,0.0,0.0,0.0,0.0,0.0,0.0,0.0,0.0,0.0,0.0,0.0
KING,48523.0,88943.0,54352.0,1389302.0,1279405.83,475811.26,197401.0,97434.0,29650.0,14417.0,1176.0,1200.0,2000.0,17433.0,0.0,0.0
KINNEY,0.0,0.0,0.0,0.0,0.0,0.0,0.0,0.0,0.0,0.0,0.0,0.0,0.0,0.0,0.0,0.0
KLEBERG,1308136.0,7365045.0,2854155.0,3078708.0,2653446.0,1215780.0,0.0,109241.0,1100.0,4830.0,0.0,0.0,1905033.0,3018144.0,0.0,0.0
KNOX,20000.0,28300.0,31754.0,1400.0,32319.0,0.0,5490.0,61875.06,1500.0,0.0,26260.0,8350.0,0.0,0.0,132812.0,0.0
LA SALLE,440505502.63880235,1367500733.6730072,2779755145.445156,3652637809.976698,4899938866.931123,4410201688.31503,1708517772.35,3817870120.622138,4972660825.930353,4726433504.047347,3324697852.905441,2442250309.3371077,3140737220.24,4544726393.0,4933805874.371639,2215961158.126476
LAMAR,0.0,0.0,0.0,0.0,0.0,0.0,0.0,0.0,0.0,0.0,0.0,0.0,0.0,0.0,0.0,0.0
LAMB,20022.0,7684.0,4000.0,1500.0,0.0,14255.0,24880.0,12100.0,27200.0,21400.0,0.0,0.0,0.0,0.0,0.0,0.0
LAMPASAS,0.0,0.0,20000.0,12920.0,0.0,0.0,0.0,0.0,0.0,0.0,0.0,0.0,0.0,0.0,0.0,0.0
LAVACA,1134385.0,38738243.31804646,148755742.33750892,255428820.01,666075995.3895559,475368043.80910975,110521855.0,309650450.0,599899239.2,739935692.0,480985846.42911464,521707408.0,611786206.0,623521645.0,632563600.3415126,535294895.08063793
LEE,2862217.699666296,3821104.0,44100469.23926651,42956545.43858032,283553669.24193764,145830806.0,0.0,18699072.0,432169669.81333566,222147185.14560342,52509810.69389499,30756621.0,123352562.0,71932944.0,502497327.46628755,168626388.0
LEON,29820831.0,113121030.00135617,180308176.11,160221812.2925479,136190663.2142333,40507605.68804665,3098857.0,552240.0,12379754.0,49266035.0,6393069.0,2500.0,344991.0,164178984.0,960420316.6008518,511786056.98
LIBERTY,270356.0,283145.0,173630.0,357078.0,291294.0,0.0,191175.0,60648.0,0.0,0.0,242004.0,0.0,0.0,0.0,0.0,0.0
LIMESTONE,54001647.0,72477039.42,29136192.6,4206553.0,9936022.0,2151889.23,548973.0,39957156.0,1300.0,14604555.0,18310323.0,0.0,3871738.0,362497.0,0.0,0.0
LIPSCOMB,93285790.7484536,165805761.902134,252089360.70035928,181731487.0,387147522.0,199150004.38,54646541.0,117552879.0,122489823.11,34644824.0,19552676.0,23305986.0,25265082.0,78111825.0,93714476.84,32002985.0
LIVE OAK,85652042.29269665,534636228.7819787,544310737.7184031,803256495.6231513,808168157.0,521536214.72,265705846.1676122,287148700.0,347774930.0484771,1031847226.8575675,274709978.8862176,683048585.92,995172577.7178081,1374695120.3905432,818276896.3377842,26711798.0
LLANO,0.0,0.0,0.0,0.0,0.0,0.0,0.0,0.0,0.0,0.0,0.0,0.0,0.0,0.0,0.0,0.0
LOVING,31227024.4,90837886.0,297337653.3669647,399584983.9230769,876510954.9265218,1464994513.0788057,2072020765.1538463,3840599322.1904707,5392557021.524863,5469655179.372276,5477722408.719613,5736840113.535306,7551956225.648526,9805126064.523396,9558922864.717619,2206990603.817876
LUBBOCK,96800.0,80960.0,5740213.0,3030498.6,185513.0,521303.0,0.0,30431.0,62011.0,6114.0,0.0,0.0,28519.0,38385.0,6000.0,0.0
LYNN,44529.0,160000.0,2373155.0,4885954.0,169150.0,3500.0,5100.0,0.0,0.0,0.0,0.0,0.0,11719.0,0.0,0.0,0.0
MADISON,30445309.260764726,73118202.77283263,149696639.7335795,280796649.73368984,356315769.0,224188147.4,115600063.27599785,41851054.43515152,64374315.94814901,126589927.0,500.0,16342860.0,90198570.0,76021176.0,130730908.64762342,54388853.379999995
MARION,5075362.0,600370.0,17056595.0,87226.0,2390868.0,302639.0,3145817.7207052857,9672780.0,5613559.8100000005,351500.0,3340146.0,21467222.29,0.0,0.0,0.0,0.0
MARTIN,394988662.9,715110373.69,930066847.74,1087930866.5214577,1885324704.6438081,2315942740.437632,2503033802.5976,4431627442.781241,8472607840.043608,11491611562.679966,9135756668.509092,10643103046.77,12910632644.43,16329038542.016703,18938871107.431,6734918100.12298
MASON,0.0,0.0,0.0,0.0,0.0,0.0,0.0,0.0,0.0,0.0,0.0,0.0,0.0,0.0,0.0,0.0
MATAGORDA,1354960.0,623631.0,23764.0,1729840.0,153404.0,336108.0,20135.0,213486.0,1600.0,0.0,4298117.138826306,0.0,0.0,0.0,0.0,0.0
MAVERICK,72502595.0,67977973.1,75809949.81345363,38916667.623896375,47588082.63175408,10605370.449949443,4280590.0,11276186.928987414,42706137.0,26362280.0,50019419.844211206,114364956.0,114068432.0,184859543.0,65795418.0,77029571.6
MCCULLOCH,0.0,0.0,34256.0,0.0,0.0,0.0,0.0,250.0,0.0,2797.0,15823.0,28204.0,0.0,0.0,0.0,0.0
MCLENNAN,0.0,0.0,0.0,0.0,0.0,0.0,0.0,0.0,0.0,0.0,0.0,0.0,0.0,0.0,0.0,0.0
MCMULLEN,200320366.39040115,707829620.6648654,1398885814.9832852,2302134333.8726454,2905476098.3967156,2005699719.3990238,1294965510.0,1275708477.961535,1710227672.0,1937313830.2464604,1356234658.3386855,648708240.0,2020873081.27,2398933809.160194,3702469009.2725697,1228903531.2086236
MEDINA,586676.0,927384.0,1779642.0,2374008.0,1381850.0,515162.0,421108.0,1079764.0,102699.0,791024.0,98540.0,56575.0,2530980.0,1827870.0,1407352.0,170100.0
MENARD,14514.0,69939.0,9412.0,6000.0,8400.0,2500.0,0.0,0.0,7873.0,500.0,0.0,0.0,0.0,0.0,0.0,0.0
MIDLAND,289320693.3,621244215.16,803449493.3,911437689.9757062,1922882144.9822745,3308733031.691537,6268100864.6563835,9106296866.275003,13072788407.916397,13402552244.975727,11103329105.881811,11747655203.389462,13169660694.514688,13822243388.926512,16830488225.428585,5493094247.089162
MILAM,2592210.0,7947448.0,14399447.0,11911200.547024002,14625094.0,704866.0,172220.0,42558128.0,45095195.0,258880050.0,91413219.0,213562911.33818278,55402443.0,71903202.0,43027132.0,0.0
MILLS,0.0,500.0,0.0,0.0,0.0,0.0,0.0,0.0,0.0,0.0,0.0,0.0,0.0,0.0,0.0,0.0
MITCHELL,8839461.90929,9567982.0,19890376.59,86643132.73,31431945.0,2473868.0,1145481.0,347796.0,454976.0,54968.0,78931.0,275651.0,57623413.0,26350446.0,620766495.62,148427170.0
MONTAGUE,711827700.2061166,1251746579.0,806647965.47,1272270998.5608947,804398901.4124256,185820568.0,9915682.0,213037.0,8350.0,114258.0,117400.0,30554409.0,299460.0,722623.0,139216427.68396226,32577937.0
MONTGOMERY,2175812.0,164524.0,3600300.0,153309.0,9200.0,7200.0,54288.0,0.0,1500.0,5400.0,0.0,0.0,0.0,0.0,20445570.0,0.0
MOORE,1566339.0,4181792.0345886536,19432439.069324993,2391597.0,3674957.0,9454894.48,10620588.0,9161638.0,3988617.0,3354758.0,0.0,16160481.0,21455486.87,8899618.0,2974023.0,216384.0
MORRIS,0.0,0.0,0.0,0.0,0.0,0.0,0.0,5000.0,507354.0,0.0,880170.0,1819725.37,1219554.03,24428690.0,43481028.0,44511252.0
MOTLEY,320980.0,0.0,0.0,0.0,0.0,250.0,0.0,250.0,600.0,500.0,2500.0,0.0,0.0,0.0,0.0,0.0
NACOGDOCHES,234013876.0,540691375.62,684989602.0,523988.0,24708458.0,31512000.0,38701475.0,130061521.0,120958666.0,244909367.0,457471231.90480924,368288344.0,122824541.0,901864230.0,938669741.4144235,151765824.0
NAVARRO,901999.0,3500.0,9607312.0,121890.0,7570851.0,539020.0,46970.0,1500.0,0.0,0.0,0.0,0.0,0.0,0.0,0.0,0.0
NEWTON,23467380.574233554,1539381.3104110027,1837438.0,1023975.0,65000.0,346687.0,7833981.776919692,0.0,0.0,0.0,0.0,42169966.0,0.0,0.0,0.0,0.0
NOLAN,3686332.250086118,2829782.0,9674251.0,22758336.0,21688795.6,1351663.0,186653.0,169585.0,1099502.3185978578,6936230.0,30973724.0,10830212.0,25195684.0,34944.0,24065458.0,10700.0
NUECES,3221509.0,9053550.0,291901.0,1870038.0,87192.0,500500.0,170814.0,0.0,6762.0,9832526.532241073,0.0,500614.0,658172.0,1043910.0,0.0,0.0
OCHILTREE,88455113.79811,94047337.6,141405853.05616063,264513682.0,281397673.52112585,133902735.57607871,77133086.0,88319585.0,145217378.0,102842598.85090803,57766774.11768187,20961516.0,87132195.0,13892902.67,23648456.0,6092332.0
OLDHAM,59779.0,970570.0,3606085.0,2916115.29,7124094.0,16376359.0,0.0,221728.0,10806030.0,2000.0,0.0,0.0,0.0,0.0,215406.0,754253.0
ORANGE,821898.0,2465598.6,1830871.0,1470914.0,709121.0,259914.0,78248.0,0.0,0.0,0.0,0.0,0.0,0.0,0.0,0.0,0.0
PALO PINTO,22613916.0,14749706.0,30920533.94842,35651453.0,35748654.2,17160517.4,8344852.0,490296.0,5094943.0,3566106.232089437,3000.0,17556.0,1340.0,15834.0,0.0,0.0
PANOLA,342367038.9033585,333917795.32620716,635826872.0393975,843583567.715076,1232559308.8459644,738711584.2616398,275670742.3837115,405200306.4,1350373168.616134,1657512239.3281262,2732734178.710244,3522221227.742931,2850083115.7,2882187620.0,1722006443.4478276,862090015.25
PARKER,406775753.7369576,348456274.0,575026011.7660275,348381085.75,81806068.0,29588421.0,1635850.0,1000.0,18892.0,4807199.0,9927806.0,72156.0,16510.0,0.0,0.0,0.0
PARMER,0.0,0.0,0.0,0.0,0.0,0.0,0.0,0.0,0.0,0.0,0.0,0.0,0.0,0.0,0.0,0.0
PECOS,38812613.224657536,17994159.205493923,36605179.43271272,100356057.0,211487599.5737705,387051211.9333112,889680509.0397192,1332822532.97,2929117642.9611015,4245224539.373463,2565787903.3444486,1092356853.85,1928999409.45,1087001077.4784684,249625001.53370294,187712414.0
POLK,585303.0,11796586.077258768,24477419.598123536,26785233.36017493,5798604.7661406025,3156436.0,12019389.347564278,113974.0,2225870.0,2032204.0,0.0,203300.0,30322992.0,83286588.0,57100.0,1063060.0
POTTER,559850.0,1523612.0,760352.0700000001,1375000.0,33812989.0,82003459.90297343,4827894.0,86928759.0,89708621.0,24329295.0,256274.0,4304490.0,4589344.0,1614222.0,1075785.0,0.0
PRESIDIO,0.0,0.0,0.0,0.0,0.0,0.0,0.0,0.0,0.0,2690703.0,0.0,0.0,0.0,4765925.0,0.0,0.0
RAINS,0.0,0.0,0.0,0.0,0.0,0.0,0.0,0.0,0.0,0.0,0.0,0.0,0.0,0.0,0.0,0.0
RANDALL,0.0,0.0,0.0,0.0,0.0,0.0,0.0,0.0,0.0,0.0,0.0,0.0,0.0,0.0,0.0,0.0
REAGAN,87623635.4,306175147.0029393,1128397086.9122598,2602548979.9833617,4250465726.620081,3185732916.563913,2588468482.552926,4352667182.388585,5496698127.112801,5956163572.416022,2931803334.851762,4494313232.7,3780619103.0,5954433542.24,10834857934.761665,4703407785.64
REAL,0.0,0.0,945428.4388845452,210872.0,0.0,0.0,0.0,0.0,0.0,0.0,0.0,0.0,0.0,0.0,0.0,0.0
RED RIVER,0.0,167860.0,316362.0,2000.0,26082.0,0.0,0.0,52558.0,0.0,0.0,0.0,176286.0,0.0,0.0,0.0,0.0
REEVES,65632233.254090756,211278379.66,479717057.20717984,765881051.83,2159662894.187512,2498884001.922446,2825217256.587547,8479460164.64916,14472694747.846565,16357649383.480164,7080596295.668125,7382389329.5,10415966831.646215,13452191674.770348,13862627451.61469,4124277160.7286086
REFUGIO,500.0,0.0,0.0,0.0,0.0,0.0,15064.0,0.0,0.0,10211155.428692427,0.0,300.0,0.0,0.0,0.0,0.0
ROBERTS,53748582.6,117427086.43896848,135241432.28,142018959.2049347,244921388.71562073,124269521.06863527,37271325.0,30986311.0,63913462.0,25384897.0,582224.0,106740515.0,87490620.0,188416448.81599686,60705427.051960625,19504867.0
ROBERTSON,58738746.8273676,50584820.0,139398871.06339487,168855882.70560747,95798960.43066268,36250001.0,39912982.89297913,32478949.0,202920679.91962618,233451935.56642488,0.0,136315399.0,240574066.02601832,509521176.0,259874670.0,96732312.55
ROCKWALL,0.0,0.0,0.0,0.0,0.0,0.0,0.0,0.0,0.0,0.0,0.0,0.0,0.0,0.0,0.0,0.0
RUNNELS,166228.4,53339.0,91327.41,58820.0,50091.0,189238.0,3603135.323402336,47599.8,44459.0,20484.0,5000.0,470003.0,56582.0,0.0,0.0,0.0
RUSK,91180413.26528804,79070467.90091324,165013265.57700264,187826835.42534977,228146495.01431412,274051849.5717438,7723181.468511658,171222540.0,236627867.59317917,85900104.4402435,238686747.935305,162595877.0,95686664.0,0.0,76523866.0,47320.0
SABINE,3782700.0,65182490.0,29615484.11844884,3273658.092206479,0.0,0.0,0.0,0.0,0.0,0.0,0.0,0.0,0.0,318390994.0,0.0,0.0
SAN AUGUSTINE,346444003.1481831,603422649.0,270954635.69,204173835.0,261498878.0,125329139.0,350925544.0,411177724.34000003,716696652.0166246,424200323.25,771268555.7052015,333957959.0,651438589.61,1502688381.4415839,1119594294.3139076,57933423.0
SAN JACINTO,1367540.0,9786.0,88384.0,3444378.0,18277396.0,0.0,0.0,179320.0,0.0,393832.0,0.0,0.0,0.0,0.0,0.0,0.0
SAN PATRICIO,828880.0,481184.0,6109993.017426074,601944.0,1265893.0793799907,1362215.0,49434.0,19668.0,0.0,111888.0,1000.0,0.0,0.0,0.0,0.0,0.0
SAN SABA,0.0,0.0,0.0,0.0,0.0,0.0,0.0,0.0,0.0,0.0,0.0,0.0,615562.0,0.0,0.0,0.0
SCHLEICHER,6266241.0,42887951.0,46163782.0,172979592.64,146773843.02438828,49364008.925742574,21485999.0,367464.0,11980.0,36886.0,5000.0,83505.0,20000.0,0.0,0.0,108.0
SCURRY,6358052.0,14035332.0,6732222.0,21669715.4,23728766.0,19580876.04951561,65958138.79889663,52450883.60465116,91136800.4,79373449.92728297,173631834.68,356560191.0,162365026.0,89876742.0,24076041.0,18578102.051615007
SHACKELFORD,3706697.0,782624.0,839144.0,96934.25,681397.0,151150.0,71618.0,363792.0,7874020.711197663,52302.12,79122.0,85364.0,106342.0,140.0,1050.0,10750.0
SHELBY,389643652.04572535,407043003.94658756,186544099.0,142625312.0,219057208.0,73677400.88022065,121824563.0,9363240.0,115033431.0,266239931.0,178286826.0,200865282.72659934,449389932.0,278774752.0,608261111.0500472,0.0
SHERMAN,116980.0,803270.0,832520.0,2302767.0,1250970.0,1992648.0,74878.0,269010.0,487471.0,852411.0,0.0,468904.0,3397837.42,0.0,0.0,0.0
SMITH,1853550.0,849755.0,555451.0,414898.0,16657324.0,47384906.0,32695398.0,26914240.0,69839356.0,49812202.0,36875826.440510675,89343058.0,57830845.69301154,66825724.0,1779362.0,33364000.0
SOMERVELL,79634274.0,94815354.0,9504594.0,0.0,0.0,0.0,0.0,0.0,0.0,0.0,0.0,0.0,0.0,0.0,0.0,0.0
STARR,10781718.0,11148760.0,43043951.0,5869591.0,6236960.0,1405334.0,115573.0,293603.0,8247681.0,847565.0,193179.0,11761.0,160788.0,198974.0,211146.0,0.0
STEPHENS,630333.2,1276597.5999999999,7488569.2,4273911.0,4539047.923597589,1894992.6,267688.0,217243.0,3527783.0,3273092.0,10444024.0,19337517.0,258197.0,5942994.5,0.0,0.0
STERLING,15156746.0,18450994.8,82682325.83,178559847.46718878,136071287.0,9194338.0,2806713.0,46781632.0,2028916.0,2300820.0,786730.0,0.0,0.0,0.0,0.0,0.0
STONEWALL,2427124.2,2778816.4,3035889.0,1829022.2,6714172.0,1432177.4,932711.0,799489.0,679527.0,1425070.0,5362.0,173454.0,41117442.0,0.0,20000.0,0.0
SUTTON,8909356.0,5183721.0,2999458.0,7220429.440945093,121209.0,0.0,206000.0,71567.0,1153074.0,9000.0,24556.0,0.0,0.0,0.0,47695284.0,0.0
SWISHER,0.0,0.0,0.0,0.0,0.0,0.0,0.0,0.0,0.0,0.0,0.0,0.0,0.0,0.0,0.0,0.0
TARRANT,2874994727.1260686,4318036502.376623,2470997030.501392,1313616762.03,944157059.8220098,395558801.0,244516558.75,111805571.78346282,214069113.82,37024298.62744118,109027227.0,115920543.0,288690852.0,188212756.0,549128369.664103,82405875.48
TAYLOR,7400.0,27442.0,29910.0,275309.0,794959.0,70718.0,104694.0,176776.0,9120.0,2000.0,23426.0,480977.0,100.0,0.0,150688.0,0.0
TERRELL,1296489.0,278398.0,202653.0,0.0,5123744.0,4610875.0,282996.0,344526.0,4491542.0,0.0,1500.0,10000.0,0.0,342384.0,0.0,0.0
TERRY,996952.0,5724312.0,36568767.0,11085362.0,6583069.0,1453367.0,2597866.0,1824956.0,832392.0,20500.0,250.0,90618.0,903111.9649267191,80804.0,1285586.0,420318.0
THROCKMORTON,8580.0,8800.0,258202.0,35969138.0,44900562.77968428,25197421.0,15259670.0,23052991.0,5742021.0,8762963.0,4610473.91,440634.61,20234598.0,872276.0,1137621.0,0.0
TITUS,0.0,0.0,2293236.455564243,4904812.871381405,0.0,2000.0,0.0,0.0,0.0,0.0,0.0,0.0,0.0,0.0,0.0,0.0
TOM GREEN,91046.8,126000.0,335696.0,771104.0,1208279.0,8220017.0,3774806.0,7542733.0,100345008.81511968,6651066.0,413051.0,0.0,4500.0,29751083.0,14405224.0,14927477.0
TRAVIS,0.0,0.0,0.0,0.0,0.0,0.0,0.0,0.0,0.0,0.0,0.0,0.0,0.0,0.0,0.0,0.0
TRINITY,0.0,422742.0,0.0,0.0,5424059.0,0.0,9500.0,11810048.435657935,16510181.889386564,0.0,0.0,0.0,0.0,0.0,0.0,0.0
TYLER,1801255.3087776622,218429.0,37417872.983580925,20347388.780904036,75000.0,16758808.251544077,3398841.0,12846744.0,2352.0,1818373.0,11001648.0,14117468.0,174924149.36,99516074.0,38628138.404326856,0.0
UPSHUR,9487344.0,2256137.0,3747362.8,359242.0,11633833.657943927,18524464.0,7412132.0,672544.0,12294337.0,45234536.0,0.0,0.0,19124742.0,16719948.0,38733106.0,0.0
UPTON,398268523.5,686605187.53,966417973.7207,1239349905.62,2193026982.4982996,2460616097.4935784,2660514377.7634363,3823935032.7169914,4566437830.72009,4849323582.584187,5308834148.419521,5933831180.643487,7421081899.88,6929415805.808869,8714339189.347368,3774802239.5221
UVALDE,0.0,0.0,0.0,0.0,0.0,0.0,0.0,0.0,0.0,0.0,0.0,0.0,0.0,0.0,0.0,0.0
VAL VERDE,119642.0,0.0,0.0,0.0,0.0,0.0,0.0,500.0,0.0,0.0,0.0,49000.0,1424.0,0.0,0.0,0.0
VAN ZANDT,676356.0,212226.0,397164.0,262037.0,64716.0,433026.0,101262.0,0.0,1960474.0,0.0,2500.0,44940.0,0.0,2352.0,0.0,0.0
VICTORIA,10900.0,197000.0,1000.0,572512.7209611238,2565607.191169563,5847484.419988771,750.0,4500.0,29349695.228821807,10216892.591933671,303720.0,192558.0,0.0,0.0,0.0,0.0
WALKER,0.0,0.0,3462381.0,33767090.59426468,31747736.0,13268146.0,0.0,33213210.358715676,541888.0,20000.0,0.0,0.0,0.0,0.0,0.0,0.0
WALLER,429665.0,1457035.0,0.0,89936.0,188410.0,0.0,0.0,0.0,0.0,0.0,0.0,0.0,0.0,0.0,0.0,0.0
WARD,90364142.0,187327378.30206856,263693972.52665934,314136433.19,568170150.6516516,389755498.7041212,540607257.2910429,1422175115.487091,3367580760.409798,4185702771.42008,2718771799.822488,2115336419.0199375,2531563302.36,5430168358.927989,4019188126.048093,677635142.49
WASHINGTON,2700816.0,4118268.0,6359118.0,39648850.17333333,24517768.346244488,2756680.0,10477380.0,87100700.0,329591974.98057795,383146547.8937758,152833646.0,359108001.0,600357410.0,542894369.0,517080432.06137985,131908549.0
WEBB,1039711798.2262447,1967264129.0817635,2633903537.31,2730216276.926279,3919832278.657165,2431566895.4,1663255365.0,3063111069.0,2375093756.4433074,3215541404.7761164,693549007.0936129,2781326493.01,5693209864.565126,4229339248.0555506,4628211652.741545,1908747615.879811
WHARTON,720705.0,869991.0,299069.0,415889.0,566846.0,1608680.0,912823.0,217652.0,0.0,202391.0,0.0,0.0,0.0,0.0,0.0,0.0
WHEELER,783544580.2,1918316202.28,1756551278.16,1553474635.56,725157795.06,111901960.09391576,61657164.0,130999175.0,125405617.0,12941796.0,6543607.0,16978287.0,36819580.0,52397226.0,890736.0,0.0
WICHITA,862521.0,6040413.0,1333036.0,3860657.0,2586878.0,1786942.0,849223.0,771157.0,1225834.0,791482.0,109460.0,483829.0,252160.0,181644.0,252731.0,0.0
WILBARGER,174087.0,1314704.0,2776012.0,10023781.0,12500930.0,5079140.0,58012.0,464957.0,1572632.0,1140828.0,30358.0,121994.0,672634.1,469732.0,345865.0,87110.0
WILLACY,3063082.0,93450.0,0.0,33200.0,925226.0,0.0,0.0,1500.0,0.0,109340.0,0.0,0.0,0.0,0.0,0.0,0.0
WILLIAMSON,0.0,0.0,500.0,0.0,0.0,0.0,0.0,0.0,0.0,0.0,0.0,0.0,0.0,0.0,0.0,0.0
WILSON,27337074.0,142955829.59,166936954.46376812,194122132.6260346,241467263.5244807,46700.0,112232.0,14547169.0,68511857.42674549,194476990.20910972,176967906.53595185,93405464.0,229338228.0,855932963.0,505183170.0,364883304.13
WINKLER,13601703.6,26343097.0,38519225.62101394,60505824.92319128,111857807.80547592,189190660.03933263,439916088.56233907,926098850.2,2400215787.3646193,1297407391.916039,797345332.506756,834394245.84,1337871846.74,813007978.0,1604903917.3474832,254921008.47
WISE,1010946618.58,900907316.21,959304332.5,1069798555.7,641302505.0,207447528.0,6298967.0,125056623.0,301539336.41,223965228.04,23266979.0,178810368.0,423249235.81,337925713.0,181935865.0594528,180448837.0
WOOD,87050.0,112581.0,714369.0,123272.0,540922.0,17409644.532195926,15694755.168081494,0.0,13030277.0,90486679.40551437,18371682.0,500.0,20193895.35,29307.306,4983384.0,12390.0
YOAKUM,5875241.4,7496484.4,8000166.0,29276867.0,42006261.99555775,96115453.0,112694011.0,197022191.70771977,295884327.54864264,214702622.65742692,138596267.05557775,283447507.0370552,260098517.93,212771071.56570068,136778372.63707244,50917528.81
YOUNG,119860.0,2753629.0,2605097.0,6241881.798445932,3548036.0,730016.0,59109.0,935381.0,463224.0,312880.0,318409.0,142439.0,493995.98,988478.0,190127.0,0.0
ZAPATA,17254440.482948672,7218375.802973978,1275821.0,675479.0,1678136.0,481692.0,1141623.0,1270932.0,998828.0,1244950.0,375483.0,0.0,606371.0,0.0,83883.0,245000.0
ZAVALA,22406546.4,67809397.38247895,378915997.19442993,356939370.03515226,464327342.8302088,356299120.1402494,156602042.7871961,210077607.9032125,370029661.7837838,307190652.0316656,481923361.7113017,584774894.0,954179084.0,2802027165.0,1018934481.3694963,43091801.34780981
