County,2010,2011,2012,2013,2014,2015,2016,2017,2018,2019,2020,2021,2022,2023,2024,2025
ANDERSON,23256950.0,18530474.0,15351380.0,17309720.0,21183049.0,15361463.0,17343215.0,29473539.0,29951855.0,24196791.0,38609287.0,39575411.0,31736704.0,20869207.0,21326268.0,13324376.0
ANDREWS,341543955.0,349216304.0,356084973.0,403259511.0,461675685.0,458038104.0,472446211.0,493116498.0,502092493.0,472422851.0,382634959.0,372089138.0,381798670.0,366042685.0,330195083.0,229636725.0
ANGELINA,1907646.0,1624129.0,1422002.0,1212779.0,1072000.0,1001790.0,958650.0,630797.0,559670.0,671320.0,2166982.0,1856639.0,2036300.0,2892070.0,3461725.0,2670351.0
ARANSAS,713015.0,267739.0,237886.0,390664.0,522252.0,536776.0,583509.0,321454.0,333935.0,231774.0,315599.0,279440.0,182193.0,215393.0,203571.0,148282.0
ARCHER,15849454.0,16202119.0,17272830.0,17907198.0,18974025.0,19183900.0,20996322.0,19347618.0,14549362.0,14165643.0,13108977.0,13219924.0,13304454.0,17993715.0,18018680.0,12415219.0
ARMSTRONG,0.0,0.0,0.0,0.0,0.0,0.0,0.0,0.0,0.0,0.0,0.0,0.0,0.0,0.0,0.0,0.0
ATASCOSA,8533171.0,7814863.0,9857209.0,18312785.0,30691972.0,25528392.0,18209181.0,18360156.0,24512769.0,26713832.0,22555190.0,22771244.0,25442953.0,33027411.0,31430039.0,22825842.0
AUSTIN,4811415.0,5512552.0,5949264.0,5525406.0,4837378.0,4651905.0,4123650.0,4199910.0,4269025.0,4332725.0,3782812.0,4104583.0,4051326.0,3207472.0,2709632.0,2094658.0
BAILEY,0.0,0.0,0.0,0.0,0.0,0.0,0.0,0.0,0.0,0.0,0.0,0.0,0.0,0.0,0.0,0.0
BANDERA,0.0,0.0,0.0,0.0,0.0,0.0,0.0,0.0,0.0,0.0,0.0,0.0,0.0,0.0,0.0,0.0
BASTROP,246027.0,289552.0,329861.0,346678.0,410357.0,502695.0,513822.0,507251.0,539893.0,508678.0,549525.0,256775.0,505513.0,539575.0,519722.0,382746.0
BAYLOR,1658300.0,2613479.0,2772152.0,2817383.0,2678256.0,2207051.0,1975318.0,1827831.0,1797097.0,1773360.0,1980056.0,1728996.0,2081337.0,2048192.0,2793336.0,2606677.0
BEE,4656124.0,4993994.0,5207065.0,3729328.0,3507943.0,3149702.0,2135488.0,2075704.0,2016737.0,1245360.0,1475184.0,1510900.0,1686583.0,2301401.0,2923406.0,2236405.0
BELL,0.0,0.0,0.0,0.0,0.0,0.0,0.0,0.0,0.0,0.0,0.0,0.0,0.0,0.0,0.0,0.0
BEXAR,8315.0,9187.0,17930.0,24589.0,21882.0,16430.0,11417.0,11603.0,11612.0,11180.0,11008.0,5255.0,4865.0,12587.0,8408.0,5733.0
BLANCO,0.0,0.0,0.0,0.0,0.0,0.0,0.0,0.0,0.0,0.0,0.0,0.0,0.0,0.0,0.0,0.0
BORDEN,40869301.0,40552026.0,40455917.0,38172872.0,39953918.0,41753772.0,38983714.0,36278890.0,36862913.0,34482750.0,32510164.0,32743475.0,33337623.0,38216952.0,47893719.0,39422526.0
BOSQUE,0.0,0.0,0.0,0.0,0.0,0.0,0.0,0.0,0.0,0.0,0.0,0.0,0.0,0.0,0.0,0.0
BOWIE,333212.0,278685.0,340325.0,396385.0,371574.0,315446.0,324002.0,243050.0,343245.0,369562.0,488172.0,362034.0,283909.0,241346.0,241179.0,198428.0
BRAZORIA,114411597.0,85988253.0,86764898.0,72411930.0,72694585.0,112609645.0,94809354.0,64857407.0,64981008.0,100954159.0,61624612.0,41276667.0,36655192.0,40578342.0,33297233.0,24210186.0
BRAZOS,5172827.0,4818099.0,3696724.0,5484638.0,7829796.0,6192189.0,4317775.0,4770857.0,8519649.0,11090354.0,7251758.0,6303361.0,9938875.0,8148591.0,5672691.0,2426367.0
BREWSTER,0.0,0.0,0.0,0.0,0.0,0.0,0.0,0.0,0.0,0.0,0.0,0.0,0.0,0.0,0.0,0.0
BRISCOE,0.0,0.0,0.0,0.0,0.0,0.0,0.0,0.0,0.0,0.0,0.0,0.0,0.0,0.0,0.0,0.0
BROOKS,2117287.0,1896748.0,1875960.0,1799202.0,2239953.0,2135621.0,1767301.0,1014352.0,902230.0,693493.0,614445.0,576714.0,821427.0,890993.0,1054075.0,810754.0
BROWN,1248781.0,1024837.0,1027735.0,912507.0,1074213.0,1046654.0,952322.0,882212.0,849746.0,843844.0,802361.0,733868.0,731184.0,567682.0,522234.0,452785.0
BURLESON,7588997.0,7367948.0,7277853.0,6621835.0,8710374.0,9028468.0,7103769.0,9331298.0,12965053.0,13951566.0,10194790.0,7936322.0,7473168.0,5750575.0,5265418.0,5060610.0
BURNET,0.0,0.0,0.0,0.0,0.0,0.0,0.0,0.0,0.0,0.0,0.0,0.0,0.0,0.0,0.0,0.0
CALDWELL,137884480.0,155586454.0,164485326.0,181154397.0,197951040.0,213318232.0,220930111.0,204569675.0,202323189.0,204006725.0,182362035.0,182305004.0,194398137.0,202294542.0,201658925.0,150801651.0
CALHOUN,5744960.0,4811743.0,4338092.0,4689807.0,4051937.0,2919826.0,1970952.0,1757429.0,3300975.0,5462894.0,4234987.0,3941211.0,10904108.0,13375969.0,13401658.0,9812439.0
CALLAHAN,3703039.0,3766861.0,3430114.0,3367524.0,3338445.0,3016429.0,2639661.0,2776475.0,2605155.0,2516578.0,2388887.0,1998185.0,1773004.0,1709784.0,1691402.0,1263244.0
CAMERON,0.0,0.0,246929.0,352589.0,29386.0,0.0,0.0,0.0,0.0,0.0,0.0,0.0,0.0,0.0,0.0,0.0
CAMP,5896316.0,5382026.0,5308313.0,5225130.0,5826364.0,4984295.0,3156280.0,4055858.0,3758470.0,3119508.0,1778632.0,2801153.0,2895340.0,3177361.0,2837025.0,2086539.0
CARSON,1982297.0,1702818.0,1634303.0,1605777.0,1577823.0,1132352.0,811423.0,713104.0,607871.0,563952.0,401737.0,446618.0,538655.0,500527.0,490328.0,286397.0
CASS,862453.0,847158.0,749712.0,1303978.0,1564129.0,2208068.0,1765172.0,1736283.0,1825300.0,1776540.0,1614959.0,1435492.0,1489774.0,1519212.0,2274528.0,1973436.0
CASTRO,0.0,0.0,0.0,0.0,0.0,0.0,0.0,0.0,0.0,0.0,0.0,0.0,0.0,0.0,0.0,0.0
CHAMBERS,42717144.0,36120815.0,56542269.0,64215274.0,52501334.0,82621396.0,69216651.0,48513362.0,57827626.0,76663419.0,54277402.0,49866604.0,61982432.0,60683600.0,64122391.0,59753926.0
CHEROKEE,26889312.0,26894672.0,18359612.0,33193817.0,37635765.0,35200476.0,30818965.0,30117787.0,23835055.0,19738348.0,17317838.0,18627213.0,20783690.0,18069373.0,10887421.0,2451724.0
CHILDRESS,399246.0,410517.0,386216.0,266646.0,331446.0,246878.0,151056.0,124893.0,148565.0,63479.0,4729.0,67830.0,90950.0,77395.0,5311.0,1092.0
CLAY,6744001.0,6978835.0,7059171.0,7454935.0,7166900.0,6400036.0,5971144.0,5776067.0,5431471.0,5444223.0,5056802.0,4292454.0,3916523.0,4514340.0,5196570.0,3961076.0
COCHRAN,48919425.0,50839627.0,53328058.0,53453490.0,56378451.0,50061733.0,45238793.0,43010162.0,44740930.0,44854952.0,39493205.0,38567801.0,37298293.0,36221586.0,33741821.0,24832922.0
COKE,34259197.0,31136087.0,39554098.0,40755124.0,45175051.0,43917610.0,32988498.0,31945800.0,32994867.0,21650715.0,7515231.0,6517096.0,7181513.0,8697814.0,8507776.0,6163905.0
COLEMAN,4339316.0,4310890.0,4280930.0,4322216.0,5026479.0,5059188.0,4473118.0,4274337.0,4158258.0,3807681.0,3499067.0,3208496.0,2632093.0,1996377.0,2229723.0,1743691.0
COLLIN,0.0,0.0,0.0,0.0,0.0,0.0,0.0,0.0,0.0,0.0,0.0,0.0,0.0,0.0,0.0,0.0
COLLINGSWORTH,28870.0,29115.0,31675.0,31675.0,31845.0,45325.0,19240.0,6435.0,51030.0,45950.0,37025.0,41757.0,25771.0,11898.0,7115.0,4977.0
COLORADO,4138904.0,3954352.0,4382899.0,4643063.0,3538257.0,2959347.0,2705802.0,2706977.0,2870834.0,2603680.0,2635113.0,2784581.0,2257453.0,2227864.0,1842124.0,914580.0
COMAL,0.0,0.0,0.0,0.0,0.0,0.0,0.0,0.0,0.0,0.0,0.0,0.0,0.0,0.0,0.0,0.0
COMANCHE,13926.0,22951.0,38937.0,26425.0,17160.0,16660.0,8210.0,4360.0,4240.0,4260.0,2340.0,1328.0,19575.0,29006.0,24890.0,16077.0
CONCHO,4360209.0,4116630.0,3810699.0,3894527.0,3783503.0,3480065.0,3203167.0,3487064.0,4061336.0,3792224.0,3747186.0,3526375.0,3672782.0,3694448.0,3470061.0,2311540.0
COOKE,45883393.0,46531340.0,46525057.0,45255986.0,45424714.0,43316112.0,41127181.0,39613129.0,38354690.0,37808779.0,30941301.0,31804964.0,34585052.0,31947552.0,30838734.0,23131563.0
CORYELL,0.0,0.0,0.0,0.0,0.0,0.0,0.0,0.0,0.0,0.0,0.0,0.0,0.0,0.0,0.0,0.0
COTTLE,691975.0,540896.0,577370.0,396699.0,389012.0,421899.0,459879.0,465702.0,499768.0,539785.0,405545.0,309970.0,538461.0,597587.0,606050.0,427527.0
CRANE,189776979.0,182674263.0,186196159.0,194500766.0,184464969.0,194965539.0,188859410.0,167501613.0,174682947.0,176495920.0,132907130.0,109829145.0,146440640.0,154124187.0,134390957.0,115721145.0
CROCKETT,83976672.0,83796935.0,88575462.0,94665105.0,98775197.0,86427617.0,65932028.0,58242423.0,58800061.0,60388296.0,59734530.0,55619786.0,55072787.0,62810193.0,62962595.0,46472502.0
CROSBY,19673225.0,21450221.0,30332670.0,33196263.0,47472206.0,53028070.0,35535874.0,32141545.0,31590644.0,31952544.0,21013291.0,19995128.0,22188396.0,24049315.0,22952444.0,17996143.0
CULBERSON,3661960.0,2443247.0,5838911.0,9425413.0,17835178.0,28329470.0,42406035.0,80935225.0,115340814.0,165229441.0,230736483.0,207928715.0,273298803.0,264342259.0,270081411.0,221939261.0
DALLAM,0.0,0.0,0.0,0.0,0.0,0.0,0.0,0.0,0.0,0.0,0.0,0.0,0.0,0.0,0.0,0.0
DALLAS,0.0,0.0,0.0,0.0,0.0,0.0,0.0,0.0,0.0,0.0,0.0,0.0,0.0,0.0,0.0,0.0
DAWSON,60154243.0,56734155.0,58778832.0,58804284.0,65177747.0,58910804.0,60375851.0,61695399.0,60114787.0,59422234.0,57267303.0,49508985.0,43282084.0,53696961.0,79694383.0,75610044.0
DE WITT,0.0,0.0,0.0,0.0,0.0,0.0,0.0,0.0,0.0,0.0,0.0,0.0,0.0,0.0,0.0,0.0
DEAF SMITH,0.0,0.0,0.0,0.0,0.0,0.0,0.0,0.0,0.0,0.0,0.0,0.0,0.0,0.0,0.0,0.0
DELTA,0.0,0.0,0.0,0.0,0.0,0.0,0.0,0.0,0.0,0.0,0.0,0.0,0.0,0.0,0.0,0.0
DENTON,4113595.0,6783489.0,5953412.0,5450218.0,5378598.0,5050658.0,4734323.0,3947178.0,3658714.0,4021879.0,4401397.0,5020161.0,5349130.0,5756959.0,4471382.0,3365544.0
DICKENS,4574443.0,4109640.0,4385958.0,4752482.0,4844928.0,4720263.0,4395402.0,4438412.0,4226658.0,4289640.0,4017501.0,3802613.0,3871470.0,3694676.0,3792432.0,3062676.0
DIMMIT,7731071.0,11653842.0,14739737.0,19341388.0,37095797.0,44044359.0,30285221.0,39276929.0,51168951.0,48588212.0,25960380.0,21754147.0,30311525.0,46689064.0,45110104.0,29009345.0
DONLEY,0.0,0.0,0.0,0.0,0.0,0.0,0.0,0.0,0.0,0.0,0.0,0.0,0.0,0.0,0.0,0.0
DUVAL,33660620.0,30749884.0,40383022.0,42812096.0,41791241.0,39253822.0,33683179.0,32079045.0,31026137.0,33407570.0,30407660.0,30357466.0,31696418.0,29981509.0,28353402.0,19960217.0
EASTLAND,14288662.0,13787607.0,13168050.0,12819958.0,11943897.0,8760858.0,8425007.0,7220902.0,6539504.0,6387505.0,6024927.0,5834546.0,6219733.0,4403090.0,3661383.0,2237905.0
ECTOR,422051054.0,449563205.0,469031211.0,509724034.0,550992271.0,553070814.0,507574727.0,514522374.0,505431637.0,462388001.0,399437099.0,312764095.0,300001123.0,284606229.0,285682569.0,195140907.0
EDWARDS,561189.0,528280.0,479715.0,421794.0,327438.0,311969.0,230932.0,242555.0,267821.0,196182.0,183355.0,150970.0,159166.0,194024.0,234574.0,142345.0
EL PASO,0.0,0.0,0.0,0.0,0.0,0.0,0.0,0.0,0.0,0.0,0.0,0.0,0.0,0.0,0.0,0.0
ELLIS,13235.0,6620.0,14603.0,14279.0,14227.0,14200.0,14400.0,14400.0,12000.0,0.0,0.0,0.0,0.0,0.0,0.0,0.0
ERATH,300949.0,393808.0,423287.0,480931.0,1478504.0,1046679.0,901748.0,631308.0,313344.0,4708.0,1864.0,4958.0,51096.0,52983.0,49561.0,33276.0
FALLS,0.0,0.0,0.0,791.0,706.0,990.0,250.0,430.0,359.0,40.0,0.0,0.0,0.0,0.0,0.0,0.0
FANNIN,0.0,0.0,0.0,0.0,0.0,0.0,0.0,0.0,0.0,0.0,0.0,0.0,0.0,0.0,0.0,0.0
FAYETTE,4062995.0,4458111.0,6646135.0,8338674.0,10900671.0,6657827.0,2656276.0,3697507.0,7760139.0,7852935.0,5528212.0,6077093.0,7648252.0,4981673.0,4142593.0,3511821.0
FISHER,24143971.0,25307381.0,26764362.0,28192337.0,15412929.0,25547363.0,26396773.0,23569129.0,21224420.0,27814373.0,21304274.0,32114035.0,51691765.0,56691161.0,48114096.0,30409766.0
FLOYD,0.0,0.0,0.0,0.0,0.0,0.0,0.0,0.0,0.0,0.0,0.0,0.0,0.0,0.0,0.0,0.0
FOARD,4196566.0,4512605.0,4018426.0,4445730.0,4580703.0,3291006.0,1535149.0,1358957.0,1533054.0,900455.0,497533.0,1365688.0,1897293.0,1224701.0,1420729.0,1136094.0
FORT BEND,26905829.0,25781200.0,23732110.0,28050076.0,32113447.0,29871038.0,23232111.0,29133274.0,32975729.0,31361285.0,27986799.0,27620440.0,27857014.0,27780332.0,25791961.0,18309226.0
FRANKLIN,16610934.0,12683931.0,12507082.0,15960091.0,23641112.0,32106309.0,32871398.0,32043360.0,30533255.0,30422138.0,20537460.0,27623869.0,29326943.0,23285837.0,24262392.0,17268332.0
FREESTONE,31920645.0,31338618.0,29522872.0,21661426.0,18831988.0,18641572.0,15756243.0,11989097.0,13219934.0,12801150.0,10160210.0,8150573.0,8507698.0,6508468.0,6770928.0,5060110.0
FRIO,5068339.0,8353505.0,19603350.0,26543877.0,26158887.0,18330719.0,10041879.0,12821525.0,12985075.0,14459912.0,13840178.0,13125565.0,17894443.0,20520221.0,16365915.0,10822393.0
GAINES,379579145.0,379310038.0,372663617.0,380399690.0,405544764.0,402883427.0,362954404.0,355396468.0,386721976.0,411778840.0,461201845.0,319257825.0,324555375.0,280519737.0,280457906.0,208734758.0
GALVESTON,8910447.0,8082592.0,7143008.0,6006375.0,5516953.0,4859095.0,4386783.0,2615049.0,3222827.0,3067235.0,1849989.0,800724.0,1209033.0,998895.0,1387710.0,1041222.0
GARZA,59078890.0,58163605.0,61026979.0,64148797.0,64758258.0,61154013.0,61968740.0,55702438.0,57019903.0,56819365.0,48851373.0,48508945.0,47487376.0,43916555.0,42984216.0,31876002.0
GILLESPIE,0.0,0.0,0.0,0.0,0.0,0.0,0.0,0.0,0.0,0.0,0.0,0.0,0.0,0.0,0.0,0.0
GLASSCOCK,40071403.0,65269508.0,109306125.0,122791633.0,144562890.0,150561921.0,139216775.0,155267208.0,197151071.0,206715775.0,178896693.0,164331436.0,178374750.0,201908034.0,222466028.0,163203881.0
GOLIAD,4715524.0,7047173.0,7457205.0,4588003.0,4115956.0,3594031.0,2564710.0,2103390.0,2741079.0,2494929.0,1583731.0,1299065.0,1445161.0,1361877.0,1260942.0,955317.0
GONZALES,856476.0,3858230.0,10419779.0,18180302.0,25641081.0,26927254.0,21802021.0,19012024.0,24377372.0,28269941.0,29500543.0,31995792.0,31700813.0,32687657.0,28211772.0,19153972.0
GRAY,9219523.0,8049485.0,9977938.0,10874723.0,11313094.0,11091871.0,10592185.0,9669782.0,9057135.0,8804430.0,7906541.0,7641285.0,7121592.0,6636231.0,6357451.0,4376713.0
GRAYSON,8209368.0,8571681.0,8308619.0,8671459.0,10009555.0,9462382.0,9174993.0,8774959.0,8272959.0,6872767.0,6071251.0,7270914.0,7186534.0,7829477.0,8029617.0,5954949.0
GREGG,164160934.0,167664934.0,176584958.0,180541836.0,189995297.0,179750614.0,131274491.0,135130310.0,144608813.0,136847384.0,115397943.0,110563760.0,117915333.0,122577928.0,132842152.0,102724060.0
GRIMES,1543902.0,1788553.0,2387214.0,4336957.0,4692439.0,5079409.0,3510757.0,2730570.0,2424814.0,3091817.0,3048955.0,2164961.0,1883338.0,3185277.0,3845292.0,2329625.0
GUADALUPE,344711781.0,343031878.0,350368255.0,342376960.0,326140893.0,309609052.0,289249812.0,282241157.0,278957140.0,272418959.0,249912791.0,243027309.0,260732814.0,260595080.0,269845747.0,203134386.0
HALE,24675432.0,26284585.0,24467794.0,27608334.0,28428994.0,26509550.0,24865158.0,27316248.0,26760107.0,21845051.0,18032655.0,24884520.0,23077115.0,21639752.0,21395786.0,15077170.0
HALL,0.0,0.0,0.0,0.0,0.0,0.0,0.0,0.0,0.0,0.0,0.0,0.0,0.0,0.0,0.0,0.0
HAMILTON,40018.0,41288.0,32810.0,32796.0,13210.0,3680.0,3694.0,3705.0,2132.0,1284.0,1327.0,1330.0,1324.0,448.0,0.0,0.0
HANSFORD,2315604.0,2599311.0,2267873.0,2105265.0,2312294.0,1681768.0,2360194.0,2466589.0,3439428.0,3998345.0,2473865.0,1155949.0,1292821.0,1018198.0,933240.0,584041.0
HARDEMAN,3388752.0,3899437.0,4028594.0,4202664.0,4081805.0,4250506.0,3977647.0,4019640.0,3835593.0,4072444.0,2811424.0,3299269.0,3284159.0,2990154.0,2251072.0,1737525.0
HARDIN,18767786.0,20417352.0,16549663.0,15366599.0,18519986.0,17844092.0,17426113.0,15632763.0,15656173.0,16431598.0,14651862.0,13397533.0,15242363.0,14163599.0,14965445.0,10033356.0
HARRIS,37486572.0,34691176.0,39279325.0,42633529.0,43992707.0,47301423.0,48500882.0,46079722.0,41022519.0,46991380.0,43349212.0,38289509.0,45842445.0,48322812.0,42977435.0,33157311.0
HARRISON,24020937.0,23436093.0,22688333.0,20192042.0,20705729.0,17649724.0,14160436.0,13821529.0,12748232.0,13136156.0,20435741.0,24205002.0,40143778.0,44121568.0,45769707.0,35462892.0
HARTLEY,1216309.0,1617746.0,2035119.0,3056331.0,3579328.0,3909739.0,3668264.0,3087915.0,3747593.0,3886522.0,4284147.0,5620363.0,6332976.0,7503344.0,8884517.0,5874447.0
HASKELL,3885005.0,4286037.0,6757588.0,7750863.0,9886191.0,11073804.0,12798206.0,12478115.0,11015568.0,11079840.0,9217186.0,8046676.0,7242696.0,5936151.0,5071836.0,3749382.0
HAYS,0.0,0.0,0.0,0.0,0.0,0.0,0.0,0.0,0.0,0.0,0.0,0.0,0.0,0.0,0.0,0.0
HEMPHILL,20090183.0,19919656.0,17227954.0,18344043.0,21098299.0,22955175.0,19545085.0,17233438.0,19368778.0,22932916.0,14160893.0,10759230.0,9791922.0,8535389.0,7767811.0,5363922.0
HENDERSON,6624312.0,7402093.0,6991753.0,6075057.0,5505261.0,4355504.0,3253300.0,2593027.0,3029392.0,3539635.0,3334213.0,2712075.0,2389378.0,2419668.0,2176431.0,1607424.0
HIDALGO,16798714.0,13472134.0,12350180.0,12053217.0,11563648.0,11016770.0,10231414.0,8702627.0,10043153.0,7830250.0,5998361.0,5734957.0,5096621.0,4952479.0,4713540.0,3623200.0
HILL,1691961.0,2184226.0,2211858.0,1631899.0,1354674.0,1193704.0,1050707.0,826386.0,983072.0,869447.0,719856.0,660120.0,560579.0,622307.0,544986.0,461714.0
HOCKLEY,310864770.0,300716006.0,295727359.0,279846969.0,273395724.0,265616331.0,257172459.0,241839842.0,239099871.0,204601148.0,188684288.0,184962238.0,180516395.0,173129204.0,174733729.0,124366777.0
HOOD,19911811.0,19583775.0,16538555.0,12848089.0,10991742.0,6781103.0,8714993.0,10046043.0,9228438.0,8510525.0,6444623.0,6081791.0,6382037.0,6444153.0,6753141.0,4578735.0
HOPKINS,5833505.0,5562294.0,5589999.0,5766000.0,6010467.0,4272033.0,4089774.0,4649259.0,5087182.0,5971370.0,5493364.0,5495185.0,4910478.0,4333716.0,4102866.0,3023561.0
HOUSTON,17819092.0,19707050.0,21809815.0,25428297.0,31672847.0,31067484.0,24784450.0,20499567.0,19073564.0,16762399.0,10465976.0,10257889.0,12950266.0,14026272.0,11420107.0,8210862.0
HOWARD,134925348.0,149994202.0,170819046.0,176797675.0,214031728.0,235048066.0,224971323.0,263944019.0,354630193.0,396968440.0,397160521.0,424992644.0,439139989.0,500322205.0,480099302.0,368610788.0
HUDSPETH,0.0,0.0,0.0,0.0,0.0,0.0,0.0,0.0,0.0,0.0,0.0,0.0,0.0,0.0,0.0,0.0
HUNT,0.0,0.0,0.0,6150.0,2540.0,6897.0,46998.0,85214.0,28815.0,22830.0,19530.0,41650.0,50996.0,17507.0,59900.0,44954.0
HUTCHINSON,25748834.0,13991171.0,13102601.0,11931009.0,11671661.0,9376729.0,7076285.0,6318562.0,5948576.0,5843723.0,5249667.0,5187423.0,5125505.0,5087657.0,4480725.0,3237812.0
IRION,14077513.0,13679789.0,18991273.0,18644616.0,29802970.0,25565308.0,22015162.0,17331369.0,26093765.0,26493950.0,16262475.0,13868624.0,16430531.0,18644580.0,18941954.0,12675427.0
JACK,11868211.0,15139249.0,21963188.0,25836624.0,31657309.0,26230092.0,18036559.0,13959624.0,14308721.0,14192594.0,10574092.0,9796083.0,10393378.0,9019654.0,8397079.0,6347687.0
JACKSON,20498154.0,28123191.0,30789045.0,42829605.0,45636680.0,35348234.0,30930020.0,34929048.0,55553792.0,72678087.0,64460463.0,67235718.0,52931420.0,57654103.0,64961942.0,42648033.0
JASPER,6424793.0,4807701.0,2836747.0,3948437.0,5044635.0,5089031.0,3783943.0,4199429.0,4263675.0,3227293.0,3040327.0,3761275.0,3842901.0,2560468.0,2273918.0,1653216.0
JEFF DAVIS,0.0,0.0,0.0,0.0,0.0,0.0,0.0,0.0,0.0,0.0,0.0,0.0,0.0,0.0,0.0,0.0
JEFFERSON,84430378.0,103438952.0,87114461.0,67424097.0,26337697.0,39744848.0,39248450.0,26502848.0,15617861.0,33857468.0,18816715.0,29662433.0,20124312.0,19876411.0,45958291.0,38290087.0
JIM HOGG,983283.0,881736.0,1002576.0,1050307.0,1024936.0,974040.0,968571.0,973221.0,817832.0,671117.0,391288.0,481548.0,445153.0,436142.0,377145.0,306306.0
JIM WELLS,2467529.0,3183897.0,2827138.0,2628829.0,2474442.0,1905039.0,1704085.0,1580572.0,1516852.0,1508726.0,1163436.0,1111348.0,1228807.0,1014810.0,875491.0,398484.0
JOHNSON,90902562.0,100152186.0,93085495.0,80311236.0,71590964.0,58874351.0,51012588.0,48980749.0,42041973.0,35162544.0,31321773.0,30871958.0,31936148.0,31960690.0,27551236.0,20518068.0
JONES,7271700.0,7703665.0,8230859.0,9464496.0,8820309.0,8687908.0,7361253.0,6564432.0,6455369.0,5895719.0,5701693.0,5546033.0,5167746.0,5551886.0,5717315.0,4144593.0
KARNES,3833007.0,5552786.0,15939588.0,36725887.0,49827286.0,55856511.0,51040635.0,65212476.0,77247813.0,87511599.0,60469007.0,56573530.0,64959186.0,72425700.0,77961207.0,59854568.0
KAUFMAN,3765410.0,3836203.0,4309152.0,3810012.0,4249089.0,3587050.0,2551406.0,2213599.0,2408231.0,2726421.0,2115327.0,2369604.0,3155069.0,2761855.0,2611916.0,2031120.0
KENDALL,0.0,0.0,0.0,0.0,0.0,0.0,0.0,0.0,0.0,0.0,0.0,0.0,0.0,0.0,0.0,0.0
KENEDY,3153213.0,2981019.0,2541717.0,2774911.0,2154504.0,2047698.0,1229364.0,1796825.0,1842992.0,1901718.0,1603530.0,1865666.0,1839129.0,1550922.0,1454194.0,1041108.0
KENT,136901533.0,141587981.0,141472221.0,144745270.0,150650205.0,146826767.0,134377367.0,125037720.0,132005974.0,125063467.0,112407391.0,103955262.0,111862887.0,93544512.0,94993814.0,74983237.0
KERR,0.0,0.0,0.0,0.0,0.0,0.0,0.0,0.0,0.0,0.0,0.0,0.0,0.0,0.0,0.0,0.0
KIMBLE,0.0,0.0,0.0,0.0,0.0,0.0,0.0,0.0,0.0,0.0,0.0,0.0,0.0,0.0,0.0,0.0
KING,17122773.0,16803336.0,18111756.0,17332762.0,18837431.0,20624084.0,19756111.0,20455650.0,20200545.0,19042217.0,11792183.0,12769703.0,14403084.0,14161469.0,15004540.0,12047418.0
KINNEY,0.0,0.0,0.0,0.0,0.0,0.0,0.0,0.0,0.0,0.0,0.0,0.0,0.0,0.0,0.0,0.0
KLEBERG,1648680.0,2128971.0,2773031.0,3145184.0,3166934.0,3763328.0,2977466.0,2201361.0,2027924.0,1364155.0,808016.0,628579.0,736898.0,711564.0,759171.0,440117.0
KNOX,1760145.0,2499000.0,2917836.0,3115052.0,3783520.0,3517946.0,2600027.0,2815868.0,3115116.0,2380140.0,2202957.0,1932190.0,2179106.0,1841771.0,1664222.0,1220534.0
LA SALLE,3001735.0,5404113.0,14322544.0,36473457.0,53662673.0,56362290.0,41193263.0,58406616.0,61801582.0,66463908.0,44078305.0,40317082.0,41215571.0,46458801.0,49171087.0,36785045.0
LAMAR,0.0,0.0,0.0,0.0,0.0,0.0,0.0,0.0,0.0,0.0,0.0,0.0,0.0,0.0,0.0,0.0
LAMB,6417353.0,6535991.0,6987683.0,7819520.0,7687267.0,6733488.0,6289103.0,5053314.0,4572841.0,3461400.0,3395219.0,5002129.0,4393565.0,4391211.0,4404697.0,3659443.0
LAMPASAS,0.0,0.0,0.0,0.0,0.0,0.0,0.0,0.0,0.0,0.0,0.0,0.0,0.0,0.0,0.0,0.0
LAVACA,4053028.0,4094982.0,3417641.0,2812551.0,2358648.0,6026574.0,5832638.0,5408632.0,4853874.0,8425229.0,7679705.0,7490799.0,5360830.0,10874933.0,9528209.0,6551676.0
LEE,3189143.0,2800093.0,3223963.0,3636399.0,4610574.0,4345349.0,3289602.0,3696372.0,4984010.0,5788265.0,4275447.0,5058366.0,5719607.0,5341208.0,4661435.0,3956240.0
LEON,4887239.0,3601363.0,7142673.0,9752244.0,9360862.0,7626528.0,5526078.0,5050905.0,4132722.0,2868111.0,2160544.0,1631671.0,2107861.0,1599321.0,1540464.0,1129947.0
LIBERTY,76594006.0,52266298.0,34488567.0,21345472.0,20998058.0,16831304.0,10848564.0,14938797.0,9093511.0,9236865.0,9011417.0,13831556.0,11540534.0,8640006.0,8540653.0,6121497.0
LIMESTONE,5902049.0,5322577.0,5243584.0,5498670.0,4774769.0,4128783.0,4656720.0,4596187.0,3862685.0,3425215.0,2899416.0,2545878.0,2625136.0,2578970.0,2422167.0,1755794.0
LIPSCOMB,3093812.0,3546216.0,4273175.0,4425012.0,5248484.0,4919617.0,4328708.0,4070506.0,4096800.0,3667455.0,2263661.0,1983913.0,1916514.0,1926255.0,2040769.0,1466823.0
LIVE OAK,6365785.0,7882032.0,11162632.0,9097193.0,10445685.0,7826490.0,5758155.0,5300597.0,5795194.0,5481079.0,5207172.0,5236738.0,6337942.0,6031277.0,5947067.0,4959021.0
LLANO,0.0,0.0,0.0,0.0,0.0,0.0,0.0,0.0,0.0,0.0,0.0,0.0,0.0,0.0,0.0,0.0
LOVING,17404811.0,21296688.0,30673890.0,40450110.0,70398603.0,118613006.0,168360259.0,234733659.0,422009520.0,536774569.0,663051919.0,732404587.0,898547134.0,1063343112.0,1244012694.0,925722869.0
LUBBOCK,27274868.0,29754804.0,29840472.0,29747468.0,29030002.0,27608406.0,25072083.0,23460434.0,22894889.0,21927097.0,17791063.0,21239457.0,21383611.0,21345855.0,21125906.0,15565972.0
LYNN,6072506.0,5440105.0,5420138.0,6086346.0,7535284.0,7295657.0,6400433.0,6092156.0,5688835.0,5567050.0,4409306.0,4515528.0,4962108.0,4555188.0,4058307.0,3037441.0
MADISON,3868718.0,3842964.0,5095036.0,7953967.0,15651793.0,15364000.0,9485769.0,8701367.0,10166165.0,8134928.0,5008764.0,4423104.0,4015426.0,4627897.0,4981059.0,4554616.0
MARION,2709921.0,3431591.0,3778668.0,3310889.0,2923411.0,2701352.0,2178302.0,2522938.0,3200837.0,3804338.0,3128261.0,3328276.0,3593557.0,3387197.0,2766375.0,1606623.0
MARTIN,45301386.0,53519654.0,69853565.0,81914512.0,101278751.0,116121765.0,129834158.0,158676786.0,224409796.0,282665254.0,293595013.0,323842804.0,315718749.0,336445380.0,350159913.0,262463183.0
MASON,0.0,0.0,0.0,0.0,0.0,0.0,0.0,0.0,0.0,0.0,0.0,0.0,0.0,0.0,0.0,0.0
MATAGORDA,11042690.0,9399568.0,9207613.0,8379789.0,7459697.0,6439129.0,5249838.0,4671206.0,4571772.0,4508077.0,4443869.0,4560992.0,4470187.0,4573928.0,4702782.0,3071546.0
MAVERICK,2484906.0,2172294.0,1808690.0,1794516.0,2062545.0,2258447.0,1811234.0,1831751.0,1408096.0,639749.0,1438973.0,1629696.0,1244893.0,1780811.0,2825537.0,2414671.0
MCCULLOCH,1107875.0,1013815.0,984771.0,970811.0,1067854.0,935727.0,743499.0,753744.0,732488.0,769364.0,785308.0,793583.0,822863.0,815129.0,756776.0,550411.0
MCLENNAN,0.0,0.0,0.0,0.0,0.0,0.0,0.0,0.0,0.0,0.0,0.0,0.0,0.0,0.0,0.0,0.0
MCMULLEN,5730027.0,5605100.0,7283912.0,15715383.0,26904260.0,29970911.0,26010694.0,22385679.0,29513359.0,28635640.0,17704323.0,14954227.0,20274125.0,27072701.0,33248751.0,23553609.0
MEDINA,4469.0,4626.0,3683.0,2777.0,9127.0,43038.0,65554.0,62861.0,59271.0,49328.0,33402.0,35510.0,33631.0,29586.0,28616.0,19556.0
MENARD,547032.0,596475.0,617716.0,633561.0,538591.0,450774.0,700766.0,879253.0,930744.0,984143.0,712438.0,857144.0,869385.0,848927.0,803726.0,447407.0
MIDLAND,48792013.0,54159195.0,67970729.0,73055062.0,86311618.0,110464200.0,158588337.0,201184359.0,245016468.0,291270695.0,301087561.0,300356985.0,330884692.0,376225588.0,384812600.0,300811797.0
MILAM,337695.0,339099.0,719692.0,909889.0,735278.0,473539.0,448186.0,983999.0,1701481.0,6731294.0,5124853.0,7861427.0,7567769.0,5457631.0,2484222.0,277546.0
MILLS,0.0,0.0,0.0,0.0,0.0,0.0,0.0,0.0,0.0,0.0,0.0,0.0,0.0,0.0,0.0,0.0
MITCHELL,60791463.0,61460496.0,63491386.0,59049987.0,62074841.0,59670372.0,54465446.0,54951613.0,55359166.0,49125539.0,40236408.0,38848813.0,40105168.0,45500432.0,46413775.0,38577617.0
MONTAGUE,45920918.0,58075251.0,64176904.0,62593136.0,57853804.0,50603411.0,41712431.0,40464996.0,40072217.0,38999020.0,34245837.0,34058143.0,34260361.0,35439025.0,34978475.0,26388329.0
MONTGOMERY,81657090.0,82121078.0,86661628.0,90840540.0,88706360.0,97732889.0,77841565.0,83445227.0,81237090.0,77934454.0,64794306.0,68125461.0,69036164.0,70082225.0,55813941.0,42374566.0
MOORE,3724163.0,3557418.0,3863304.0,3668888.0,3708164.0,3574963.0,2645946.0,2089489.0,1833573.0,1799035.0,1621377.0,1687548.0,1772883.0,1738716.0,1610223.0,1147374.0
MORRIS,0.0,0.0,0.0,0.0,0.0,0.0,0.0,0.0,0.0,0.0,0.0,0.0,0.0,0.0,0.0,0.0
MOTLEY,1844989.0,1594855.0,1944318.0,2025671.0,1930750.0,2020242.0,1451715.0,1288910.0,1190539.0,1120806.0,857493.0,563125.0,612368.0,543441.0,439138.0,311120.0
NACOGDOCHES,11855306.0,10259698.0,10326244.0,8989147.0,6134254.0,5823257.0,5639747.0,6066967.0,7315088.0,7546198.0,6107441.0,6146990.0,6533323.0,7310642.0,6587226.0,4815805.0
NAVARRO,5528534.0,6781979.0,10667441.0,8054579.0,5765229.0,7862096.0,6073755.0,4960561.0,7049606.0,6510928.0,5683519.0,5231977.0,4307140.0,5028477.0,5854591.0,4496037.0
NEWTON,8923670.0,14114924.0,12580253.0,15580666.0,14270171.0,11409176.0,8404800.0,8092431.0,7159300.0,5721615.0,3064047.0,2870555.0,4139194.0,4546406.0,3909888.0,2634638.0
NOLAN,14866020.0,15463996.0,14892080.0,18343523.0,22397550.0,20823614.0,18901588.0,19567234.0,19675265.0,16713372.0,12925099.0,13131801.0,15186184.0,13386673.0,13131870.0,10005564.0
NUECES,5828844.0,7551386.0,7494331.0,7067303.0,6303932.0,5614797.0,5850717.0,5437284.0,5910472.0,4830564.0,3092955.0,2741830.0,2568212.0,2092825.0,1966072.0,1405042.0
OCHILTREE,8829601.0,9775270.0,10094875.0,11309161.0,16266623.0,15388825.0,10058874.0,9362363.0,12600099.0,12896152.0,11038831.0,10884542.0,10629187.0,9427484.0,9976487.0,7749698.0
OLDHAM,2844586.0,2232887.0,2678059.0,2872049.0,3810297.0,3775866.0,2773225.0,2316291.0,2880341.0,3432622.0,2827561.0,1906820.0,1238046.0,1797709.0,2714514.0,1956045.0
ORANGE,5641618.0,6291905.0,6288878.0,5563641.0,5935617.0,4606345.0,3499006.0,3438090.0,3661852.0,3987128.0,3555941.0,4458240.0,5310486.0,5429244.0,4496523.0,3368820.0
PALO PINTO,9227787.0,7498907.0,8095300.0,10921001.0,11379111.0,10791534.0,6909595.0,6432805.0,7567235.0,5169475.0,2593236.0,2165550.0,2179093.0,1877886.0,1701081.0,1280039.0
PANOLA,68257371.0,56180320.0,50793695.0,51929517.0,62551420.0,59886471.0,49248553.0,47004514.0,52703731.0,61050326.0,66799428.0,73156988.0,80925869.0,78406984.0,73530371.0,50640543.0
PARKER,32529155.0,29821651.0,31791180.0,29441215.0,26968210.0,22684476.0,18103536.0,14890832.0,14346540.0,12107316.0,11436594.0,11632157.0,10216166.0,10189429.0,9546298.0,6982298.0
PARMER,0.0,0.0,0.0,0.0,0.0,0.0,0.0,0.0,0.0,0.0,0.0,0.0,0.0,0.0,0.0,0.0
PECOS,236386869.0,234230955.0,239550563.0,228402064.0,219527783.0,209527000.0,207686061.0,231050482.0,264008022.0,318011501.0,343353968.0,356462148.0,359023845.0,367556811.0,344923452.0,243878792.0
POLK,7210696.0,7842345.0,7106012.0,7739389.0,9242246.0,9027287.0,8875332.0,7554978.0,8262958.0,7650758.0,6390174.0,5993016.0,7286724.0,7249803.0,6485025.0,4642515.0
POTTER,1001131.0,1171590.0,1435414.0,1384020.0,1551042.0,2579503.0,1701618.0,2253575.0,1544463.0,877936.0,519495.0,1673972.0,1676484.0,1733768.0,213539.0,256538.0
PRESIDIO,0.0,0.0,0.0,0.0,0.0,0.0,0.0,0.0,0.0,0.0,0.0,0.0,0.0,0.0,0.0,0.0
RAINS,0.0,0.0,0.0,0.0,0.0,0.0,0.0,0.0,0.0,0.0,0.0,0.0,0.0,0.0,0.0,0.0
RANDALL,0.0,0.0,0.0,0.0,0.0,0.0,0.0,0.0,0.0,0.0,0.0,0.0,0.0,0.0,0.0,0.0
REAGAN,59264740.0,68797807.0,73244646.0,92573579.0,109916156.0,112803883.0,105098646.0,121006852.0,150629239.0,178686725.0,140290462.0,128144542.0,119011115.0,140415355.0,156446445.0,123443482.0
REAL,0.0,0.0,0.0,0.0,0.0,0.0,0.0,0.0,0.0,0.0,0.0,0.0,0.0,0.0,0.0,0.0
RED RIVER,643212.0,738459.0,843853.0,1270445.0,1286567.0,1320376.0,1219140.0,1324074.0,1367168.0,1053159.0,617317.0,851338.0,882075.0,742831.0,626098.0,212770.0
REEVES,16899592.0,31525398.0,44512573.0,64276327.0,125686707.0,204853213.0,244390182.0,415640085.0,704154154.0,946292287.0,913201906.0,911080536.0,1063582832.0,1184522754.0,1236614366.0,945265406.0
REFUGIO,89424844.0,86790008.0,84770935.0,90177610.0,95702617.0,89834867.0,78975971.0,74112048.0,77116650.0,77945777.0,73584133.0,67913314.0,70764463.0,78566374.0,81351856.0,59662572.0
ROBERTS,2633505.0,3205487.0,2978156.0,4004798.0,5294445.0,4416436.0,3057662.0,2733281.0,2373916.0,1707747.0,1112856.0,1213647.0,1372088.0,1518785.0,1573536.0,865256.0
ROBERTSON,6803770.0,6397865.0,6185893.0,7543870.0,7050502.0,5134771.0,3682139.0,3785219.0,3423912.0,2768753.0,1788439.0,1414054.0,1341353.0,1259695.0,1810651.0,1381107.0
ROCKWALL,0.0,0.0,0.0,0.0,0.0,0.0,0.0,0.0,0.0,0.0,0.0,0.0,0.0,0.0,0.0,0.0
RUNNELS,7097853.0,7854699.0,8801040.0,9885648.0,10549623.0,8578775.0,5819287.0,5747428.0,4390455.0,3936620.0,2607624.0,2409833.0,2782173.0,2528381.0,1600426.0,1035874.0
RUSK,106751247.0,105276393.0,109961457.0,108929156.0,111810322.0,119554450.0,103548963.0,103911570.0,103781838.0,106935530.0,91870034.0,92969906.0,100132258.0,99155709.0,100722031.0,78349979.0
SABINE,0.0,0.0,0.0,0.0,0.0,0.0,15601.0,13215.0,6910.0,53767.0,69340.0,90760.0,17030.0,1622677.0,1163823.0,682278.0
SAN AUGUSTINE,5035281.0,5406995.0,5631679.0,3496269.0,3395073.0,3109118.0,3264063.0,2481060.0,2476039.0,4682094.0,7111636.0,11662930.0,8361230.0,10392527.0,8401555.0,6954318.0
SAN JACINTO,2486689.0,3668132.0,4695686.0,4237948.0,3350093.0,3106853.0,2361151.0,1328594.0,1156075.0,1019383.0,974016.0,267837.0,381248.0,352175.0,328968.0,325090.0
SAN PATRICIO,14660169.0,13804399.0,15202787.0,16755709.0,19838515.0,17934938.0,17154954.0,15967252.0,21304486.0,27148099.0,19300713.0,18587769.0,16688580.0,14864313.0,12992952.0,9590636.0
SAN SABA,0.0,0.0,0.0,0.0,0.0,0.0,0.0,0.0,0.0,0.0,0.0,0.0,0.0,0.0,0.0,0.0
SCHLEICHER,2929828.0,2716582.0,2431372.0,2163670.0,2162401.0,2655537.0,2519750.0,2237740.0,1871274.0,2073753.0,1724831.0,1813126.0,2128990.0,2059739.0,1759577.0,1001087.0
SCURRY,267449786.0,272215313.0,331854363.0,358881025.0,350554979.0,349502453.0,353607666.0,364277895.0,371074372.0,362406714.0,325527084.0,328176481.0,326166919.0,284865215.0,280535916.0,207530043.0
SHACKELFORD,7919659.0,8068581.0,8592352.0,8587813.0,9653586.0,10156535.0,9289388.0,8387126.0,7993370.0,6966146.0,5864231.0,5759266.0,5739028.0,5596316.0,5054457.0,3801553.0
SHELBY,36924949.0,45470487.0,47797662.0,34237464.0,33710287.0,30077439.0,25277764.0,29845897.0,36819419.0,35877539.0,26421116.0,28976274.0,36166364.0,42184101.0,31324984.0,4586353.0
SHERMAN,1138401.0,977421.0,1022521.0,1352586.0,1431686.0,1324244.0,1286930.0,1271916.0,1204169.0,1437661.0,1527308.0,1054825.0,1543639.0,1740895.0,1590124.0,1326194.0
SMITH,33844876.0,34585622.0,37074035.0,36820784.0,36646834.0,35589347.0,32983797.0,32791396.0,33650062.0,34319797.0,31165192.0,27640917.0,29592002.0,30401567.0,29646235.0,21650853.0
SOMERVELL,5956703.0,6318956.0,4700338.0,5386035.0,3404543.0,2111461.0,2430285.0,1883746.0,1605231.0,1430863.0,1290960.0,1200822.0,1351054.0,1130356.0,1189747.0,850459.0
STARR,8702810.0,7827899.0,8411456.0,7757511.0,7883493.0,6851919.0,6512586.0,6286334.0,6719904.0,6237873.0,5363422.0,5353439.0,5477800.0,4908084.0,3436081.0,2550144.0
STEPHENS,223200386.0,228387989.0,237132520.0,248181581.0,263547592.0,274687327.0,263578369.0,266115052.0,263513632.0,261182235.0,239044057.0,241872721.0,243094230.0,229872668.0,235887162.0,176768756.0
STERLING,8359510.0,9130256.0,8766029.0,11329066.0,13287288.0,11429057.0,8536059.0,7736741.0,7837642.0,5591530.0,4931103.0,3838762.0,3725909.0,4266373.0,4328075.0,3134792.0
STONEWALL,16723448.0,17069951.0,21158947.0,27097682.0,31951484.0,38623567.0,37393930.0,35782368.0,32667004.0,31179463.0,26878045.0,25063614.0,27974251.0,24668674.0,21471844.0,15575468.0
SUTTON,6213330.0,6198316.0,6832877.0,4438702.0,3754020.0,3055526.0,2172034.0,2090053.0,1952154.0,1579444.0,1323680.0,1109548.0,1080061.0,1134744.0,1012093.0,753284.0
SWISHER,0.0,0.0,0.0,0.0,0.0,0.0,0.0,0.0,0.0,0.0,0.0,0.0,0.0,0.0,0.0,0.0
TARRANT,31331002.0,34062056.0,33283792.0,32974682.0,30201042.0,25814845.0,23481305.0,22006397.0,23756466.0,21607562.0,21980050.0,20121230.0,20261262.0,19236092.0,18901618.0,13178296.0
TAYLOR,3946266.0,3147884.0,3491215.0,3311482.0,3762947.0,3379999.0,4713922.0,3377191.0,2854919.0,2900209.0,2547329.0,2618805.0,2543683.0,2066714.0,1889867.0,1364686.0
TERRELL,585610.0,175923.0,0.0,0.0,32499.0,177818.0,289504.0,327317.0,248743.0,263779.0,52065.0,80319.0,107638.0,53326.0,22150.0,2184.0
TERRY,79277261.0,77397165.0,79309310.0,79472359.0,80712530.0,79989953.0,79523331.0,72851825.0,61020947.0,57702618.0,40385191.0,40515958.0,49911389.0,49069378.0,49018623.0,36486202.0
THROCKMORTON,7444181.0,7482609.0,7682562.0,8794463.0,10260139.0,11511810.0,9875340.0,9717185.0,10113058.0,9086330.0,7846873.0,8189825.0,7570668.0,7186339.0,6725575.0,4686133.0
TITUS,27565960.0,26145551.0,25798431.0,22232256.0,32617633.0,38073955.0,36948965.0,34299846.0,33343572.0,33230476.0,24549890.0,28726071.0,31329282.0,28801496.0,23782569.0,18509857.0
TOM GREEN,11403642.0,10272768.0,12146750.0,10933564.0,10710981.0,10170158.0,10103767.0,9290875.0,7142997.0,6583517.0,4055658.0,3750081.0,4360429.0,4290583.0,6099822.0,4449071.0
TRAVIS,588.0,662.0,670.0,1045.0,1125.0,1297.0,1575.0,1055.0,1065.0,1155.0,1230.0,820.0,1030.0,1090.0,730.0,702.0
TRINITY,410647.0,510738.0,509543.0,484722.0,559028.0,595745.0,598591.0,544814.0,483636.0,569740.0,369815.0,458229.0,508222.0,502195.0,409896.0,279032.0
TYLER,3171224.0,3434320.0,3387872.0,4390772.0,4324396.0,4957329.0,4823637.0,5125781.0,5836882.0,4525707.0,2880550.0,3205105.0,6227389.0,6171252.0,6466866.0,4186266.0
UPSHUR,127745632.0,130033228.0,133325587.0,135304983.0,140956638.0,139931428.0,102457425.0,96201571.0,101530815.0,97687533.0,77308058.0,74149253.0,86664482.0,93742305.0,99841613.0,77213552.0
UPTON,101944177.0,108690783.0,124344691.0,128084402.0,146983958.0,171407160.0,180686582.0,195024506.0,222449445.0,234607477.0,222064633.0,178469165.0,200672395.0,193922872.0,202449250.0,159073274.0
UVALDE,0.0,0.0,0.0,0.0,0.0,0.0,0.0,0.0,0.0,0.0,0.0,0.0,0.0,0.0,0.0,0.0
VAL VERDE,13667.0,5834.0,4650.0,500.0,5740.0,0.0,0.0,900.0,4760.0,4410.0,1220.0,4680.0,2950.0,3440.0,2935.0,2371.0
VAN ZANDT,19065632.0,15774047.0,15695554.0,17138500.0,20266612.0,17133973.0,21469276.0,19457651.0,23185840.0,23642690.0,23595644.0,22930077.0,23729770.0,23244572.0,24180564.0,18221112.0
VICTORIA,16916107.0,19508777.0,19701330.0,20160321.0,22269892.0,26788836.0,30513944.0,28257470.0,40851470.0,50404852.0,45046778.0,42820905.0,41303412.0,38446227.0,40738284.0,30744753.0
WALKER,0.0,0.0,0.0,0.0,2267.0,2310965.0,2575861.0,2096824.0,71581.0,681.0,83846.0,121583.0,125729.0,145076.0,311300.0,498684.0
WALLER,14297060.0,14881088.0,15177717.0,16459543.0,18534001.0,17469364.0,13789191.0,14338949.0,14372303.0,13679820.0,9766832.0,10576787.0,10895041.0,8921881.0,8348056.0,3714561.0
WARD,73979207.0,89085326.0,117606174.0,123228518.0,142001651.0,152946106.0,150029118.0,165229391.0,205031130.0,274626146.0,282685844.0,274902016.0,283485514.0,313298863.0,345046272.0,242900445.0
WASHINGTON,1085639.0,1134105.0,495362.0,374276.0,424547.0,372524.0,397502.0,485572.0,468710.0,455071.0,491466.0,387150.0,1322636.0,6711393.0,7305179.0,4925098.0
WEBB,9052275.0,11038678.0,10267906.0,10244719.0,10118647.0,9328766.0,9448185.0,10921819.0,11394855.0,9358577.0,7398344.0,8658248.0,8714902.0,9638644.0,8907402.0,6742484.0
WHARTON,62045532.0,47401084.0,39788609.0,40656641.0,44538771.0,41033578.0,38011767.0,32195406.0,35722132.0,34661777.0,28524001.0,26791166.0,30949903.0,25656300.0,27855107.0,18465071.0
WHEELER,20831583.0,31243485.0,33049974.0,35617056.0,31446487.0,29824362.0,23705511.0,18956211.0,16664475.0,15804760.0,12434901.0,10598051.0,10662466.0,11628438.0,10202751.0,6689182.0
WICHITA,75388014.0,77525473.0,78921487.0,83194425.0,81277436.0,80978020.0,80765142.0,77947792.0,77294505.0,76577077.0,70220854.0,70171834.0,68877492.0,68528692.0,65651319.0,48296241.0
WILBARGER,13867332.0,13438252.0,14988436.0,17310733.0,16709553.0,15949887.0,14722905.0,15316581.0,15745844.0,15333572.0,13915520.0,12137405.0,13013568.0,12792973.0,11360456.0,8297088.0
WILLACY,3155958.0,4212633.0,5298114.0,4799354.0,5122773.0,4626668.0,3646938.0,3135373.0,3027465.0,3187261.0,2759464.0,2813634.0,2845845.0,2617633.0,2437931.0,1101762.0
WILLIAMSON,0.0,0.0,0.0,0.0,0.0,0.0,0.0,0.0,0.0,0.0,0.0,0.0,0.0,0.0,0.0,0.0
WILSON,3761763.0,4294487.0,4125541.0,3728642.0,4492489.0,3926277.0,2190862.0,2029218.0,3118004.0,3605242.0,6126208.0,12501733.0,11083739.0,12185069.0,15597257.0,11996634.0
WINKLER,88295107.0,81897995.0,78466052.0,88179574.0,92781901.0,107171388.0,92258126.0,106438642.0,138252525.0,163536189.0,149934070.0,141091012.0,139242949.0,148643502.0,158724604.0,121101721.0
WISE,24975323.0,33681581.0,32684211.0,28519413.0,25657001.0,21836832.0,16410224.0,15512717.0,16905532.0,16827501.0,12280972.0,12661528.0,14245174.0,14805254.0,12419685.0,8905024.0
WOOD,66201273.0,64611028.0,64922547.0,65063993.0,64796904.0,54237657.0,47134732.0,44214848.0,41445415.0,37293428.0,27280528.0,30536312.0,28397137.0,26673031.0,26380700.0,20202508.0
YOAKUM,263776327.0,256339304.0,274604517.0,286923521.0,304429990.0,311025925.0,301533165.0,318392292.0,342280610.0,357538054.0,368178124.0,266469573.0,286190377.0,271157734.0,275599732.0,201658942.0
YOUNG,16810535.0,17512367.0,19806848.0,20608226.0,21075101.0,20294053.0,19006376.0,18227687.0,17735072.0,17892944.0,16558316.0,16319783.0,14477801.0,14510222.0,13380573.0,9983340.0
ZAPATA,7366995.0,6294202.0,5841921.0,5184168.0,4784635.0,4283048.0,4333167.0,3823270.0,4201525.0,3561982.0,2829862.0,2164656.0,1842169.0,1792581.0,1469744.0,957402.0
ZAVALA,705561.0,864821.0,2198566.0,3571238.0,1756176.0,945663.0,389326.0,408840.0,528084.0,522986.0,616961.0,699987.0,792488.0,724534.0,619383.0,593705.0
